{
	"gender":[
		{
			"gender":"male",
			"characters":[
				"Alliser Thorne",
				"Baby Sam",
				"Balon Greyjoy",
				"Barristan Selmy",
				"Benjen Stark",
				"Beric Dondarrion",
				"Black Walder Rivers",
				"Bran Stark",
				"Bronn",
				"Brynden Tully",
				"Craster",
				"Daario Naharis",
				"Davos Seaworth",
				"Doran Martell",
				"Drogon",
				"Eddard Stark",
				"Eddison Tollett",
				"Edmure Tully",
				"Euron Greyjoy",
				"Gendry",
				"Ghost",
				"Grand Maester Pycelle",
				"Greatjon Umber",
				"Gregor Clegane",
				"Greizhen mo Ullhor",
				"Grenn",
				"Grey Wind",
				"Grey Worm",
				"Hallyne",
				"High Sparrow",
				"Hizdahr zo Loraq",
				"Hodor",
				"Hot Pie",
				"Jaime Lannister",
				"Janos Slynt",
				"Jaqen H'ghar",
				"Jeor Mormont",
				"Joffrey Baratheon",
				"Jojen Reed",
				"Jon Snow",
				"Jorah Mormont",
				"Jory Cassel",
				"Karl Tanner",
				"Kevan Lannister",
				"Khal Drogo",
				"Kraznys mo Nakloz",
				"Lancel Lannister",
				"Locke",
				"Lommy Greenhands",
				"Loras Tyrell",
				"Lord Varys",
				"Lothar Frey",
				"Mace Tyrell",
				"Maester Aemon",
				"Maester Luwin",
				"Mag the Mighty",
				"Mance Rayder",
				"Matthos Seaworth",
				"Oberyn Martell",
				"Olly",
				"Olyvar",
				"Othell Yarwyck",
				"Petyr Baelish",
				"Podrick Payne",
				"Prendahl na Ghezn",
				"Pyat Pree",
				"Pypar",
				"Qhorin Halfhand",
				"Qyburn",
				"Rakharo",
				"Ramsay Snow",
				"Rast",
				"Rattleshirt",
				"Razdal mo Eraz",
				"Renly Baratheon",
				"Rhaegal",
				"Rhaegar Targaryen",
				"Rickard Karstark",
				"Rickon Stark",
				"Robb Stark",
				"Robert Baratheon",
				"Robin Arryn",
				"Rodrik Cassel",
				"Roose Bolton",
				"Salladhor Saan",
				"Samwell Tarly",
				"Sandor Clegane",
				"Shaggydog",
				"Silk King",
				"Smalljon Umber",
				"Stannis Baratheon",
				"Summer",
				"Syrio Forel",
				"Thenn Warg",
				"Theon Greyjoy",
				"Thoros of Myr",
				"Three-Eyed Raven",
				"Tommen Baratheon",
				"Tormund Giantsbane",
				"Trystane Martell",
				"Tyrion Lannister",
				"Tywin Lannister",
				"Viserion",
				"Viserys Targaryen",
				"Walder Frey",
				"Wun Wun",
				"Xaro Xhoan Daxos",
				"Yezzan zo Qaggaz",
				"Yohn Royce",
				"Yoren"
			]
		},
		{
			"gender":"female",
			"characters":[
				"Arya Stark",
				"Brienne of Tarth",
				"Catelyn Stark",
				"Cersei Lannister",
				"Daenerys Targaryen",
				"Doreah",
				"Ellaria Sand",
				"Gilly",
				"Irri",
				"Lady",
				"Lady Crane",
				"Leaf",
				"Lyanna Mormont",
				"Lysa Arryn",
				"Margaery Tyrell",
				"Meera Reed",
				"Melisandre",
				"Mirri Maz Duur",
				"Missandei",
				"Myrcella Baratheon",
				"Nymeria",
				"Nymeria Sand",
				"Obara Sand",
				"Olenna Tyrell",
				"Osha",
				"Ros",
				"Sansa Stark",
				"Selyse Baratheon",
				"Septa Mordane",
				"Septa Unella",
				"Shae",
				"Shireen Baratheon",
				"Talisa Maegyr",
				"The Waif",
				"Tyene Sand",
				"Yara Greyjoy",
				"Ygritte"
			]
		}
	]
}		