{
	"sceneLocSorted":[{"name":"North of the Wall#The Lands of Always Winter","max":4,"middle":2},{"name":"North of the Wall#Cave Outside Wildling Camp","max":2,"middle":5},{"name":"North of the Wall#Wildling Camp","max":4,"middle":8},{"name":"North of the Wall#Frostfang Mountains","max":6,"middle":13},{"name":"North of the Wall#The Three-Eyed Raven","max":8,"middle":20},{"name":"North of the Wall#Outside the Three-Eyed Raven","max":15,"middle":32},{"name":"North of the Wall#Fist of the First Men","max":7,"middle":43},{"name":"North of the Wall#Wildlings March South","max":5,"middle":49},{"name":"North of the Wall#Nightswatch March South","max":5,"middle":54},{"name":"North of the Wall#Hardhome","max":12,"middle":62},{"name":"North of the Wall#Craster's Keep","max":18,"middle":77},{"name":"North of the Wall#The Haunted Forest","max":9,"middle":91},{"name":"North of the Wall#South to the Wall","max":5,"middle":98},{"name":"North of the Wall#Destroyed Cabin","max":4,"middle":102},{"name":"North of the Wall#Near Nightfort","max":3,"middle":106},{"name":"North of the Wall#The Wall","max":10,"middle":112},{"name":"The Wall#Nightfort","max":8,"middle":121},{"name":"The Wall#Eastwatch","max":8,"middle":129},{"name":"The Wall#Top of the Wall","max":4,"middle":135},{"name":"The Wall#Castle Black","max":25,"middle":150},{"name":"The Wall#Outside Castle Black","max":6,"middle":165},{"name":"The Wall#Mole's Town","max":10,"middle":173},{"name":"The Wall#The Gift","max":6,"middle":181},{"name":"The North#The Gift","max":14,"middle":191},{"name":"The North#Bear Island","max":5,"middle":201},{"name":"The North#North to the Wall","max":9,"middle":208},{"name":"The North#Deepwood Motte","max":4,"middle":214},{"name":"The North#Stannis Baratheon's Camp","max":12,"middle":222},{"name":"The North#The Wolfswood","max":6,"middle":231},{"name":"The North#Outside Winterfell","max":13,"middle":241},{"name":"The North#Winterfell","max":32,"middle":263},{"name":"The North#Winter Town","max":3,"middle":281},{"name":"The North#The Dreadfort","max":10,"middle":287},{"name":"The North#The Kingsroad South to King's Landing","max":2,"middle":293},{"name":"The North#Moat Cailin","max":4,"middle":296},{"name":"The North#The Neck","max":6,"middle":301},{"name":"The Vale#Runestone","max":6,"middle":307},{"name":"The Vale#The Eyrie","max":10,"middle":315},{"name":"The Vale#To The Eyrie","max":5,"middle":323},{"name":"The Vale#Eastern Road","max":6,"middle":328},{"name":"The Vale#To the Westerlands","max":3,"middle":333},{"name":"The Vale#Outside the Inn","max":3,"middle":336},{"name":"The Vale#Inn","max":6,"middle":340},{"name":"The Vale#To The Vale","max":2,"middle":344},{"name":"The Vale#Coast of the Vale","max":2,"middle":346},{"name":"The Iron Islands#","max":2,"middle":348},{"name":"The Iron Islands#Pyke","max":8,"middle":353},{"name":"The Iron Islands#Lordsport","max":5,"middle":360},{"name":"The Westerlands#Casterly Rock","max":1,"middle":363},{"name":"The Westerlands#Outside Casterly Rock","max":3,"middle":365},{"name":"The Westerlands#Oxcross","max":6,"middle":369},{"name":"The Westerlands#Lannister Camp","max":9,"middle":377},{"name":"The Westerlands#Camp of the North","max":9,"middle":386},{"name":"The Westerlands#To King's Landing","max":2,"middle":391},{"name":"The Riverlands#The Twins","max":20,"middle":402},{"name":"The Riverlands#Away from the Twins","max":4,"middle":414},{"name":"The Riverlands#To The Twins","max":3,"middle":418},{"name":"The Riverlands#To The Eyrie","max":7,"middle":423},{"name":"The Riverlands#Lannister Camp","max":8,"middle":430},{"name":"The Riverlands#Battlefield","max":3,"middle":436},{"name":"The Riverlands#Camp of the North","max":9,"middle":442},{"name":"The Riverlands#Village","max":6,"middle":449},{"name":"The Riverlands#The Kingsroad","max":11,"middle":458},{"name":"The Riverlands#Forest","max":4,"middle":465},{"name":"The Riverlands#Crossroads Inn","max":12,"middle":473},{"name":"The Riverlands#Hollow Hill","max":7,"middle":483},{"name":"The Riverlands#East to King's Landing","max":4,"middle":488},{"name":"The Riverlands#Riverrun","max":11,"middle":496},{"name":"The Riverlands#Red Fork","max":2,"middle":502},{"name":"The Riverlands#To Riverrun","max":5,"middle":506},{"name":"The Riverlands#North to the Red Fork","max":5,"middle":511},{"name":"The Riverlands#To Harrenhal","max":3,"middle":515},{"name":"The Riverlands#Harrenhal","max":14,"middle":523},{"name":"The Riverlands#Outside Harrenhal","max":5,"middle":533},{"name":"The Riverlands#South to King's Landing","max":3,"middle":537},{"name":"The Crownlands#Dragonstone","max":15,"middle":546},{"name":"The Crownlands#Castle Stokeworth","max":3,"middle":555},{"name":"The Crownlands#Blackwater Bay","max":5,"middle":559},{"name":"The Crownlands#King's Landing","max":90,"middle":606},{"name":"The Crownlands#Outside Kings Landing","max":1,"middle":652},{"name":"The Crownlands#The Kingswood","max":4,"middle":654},{"name":"The Crownlands#Blackwater Rush","max":8,"middle":660},{"name":"The Stormlands#Tarth","max":3,"middle":666},{"name":"The Stormlands#The Woods","max":2,"middle":668},{"name":"The Stormlands#Storm's End","max":10,"middle":674},{"name":"The Reach#Highgarden","max":5,"middle":682},{"name":"The Reach#To Horn Hill","max":3,"middle":686},{"name":"The Reach#Horn Hill","max":7,"middle":691},{"name":"The Reach#Oldtown","max":7,"middle":698},{"name":"Dorne#Tower of Joy","max":6,"middle":704},{"name":"Dorne#","max":10,"middle":712},{"name":"Dorne#The Water Gardens","max":10,"middle":722},{"name":"The Narrow Sea#","max":10,"middle":732},{"name":"Pentos#","max":9,"middle":742},{"name":"Pentos#Pentos to Volantis","max":2,"middle":747},{"name":"Braavos#","max":48,"middle":772},{"name":"Volantis#","max":15,"middle":804},{"name":"Volantis#Volantis to Valyria","max":2,"middle":812},{"name":"Valyria#","max":4,"middle":815},{"name":"Valyria#Slaver's Bay","max":4,"middle":819},{"name":"The Dothraki Sea#","max":11,"middle":827},{"name":"The Dothraki Sea#Dothraki Camp","max":10,"middle":837},{"name":"The Dothraki Sea#Lhazareen Village","max":9,"middle":847},{"name":"Meereen#Outside Meereen","max":9,"middle":856},{"name":"Meereen#","max":32,"middle":876},{"name":"Yunkai#","max":9,"middle":897},{"name":"Yunkai#Outside Yunkai","max":13,"middle":908},{"name":"Astapor#Slaver's Bay","max":5,"middle":917},{"name":"Astapor#","max":11,"middle":925},{"name":"Vaes Dothrak#","max":19,"middle":940},{"name":"The Red Waste#","max":10,"middle":954},{"name":"The Red Waste#The Desert","max":4,"middle":961},{"name":"Qarth#","max":14,"middle":970},{"name":"Qarth#King's Landing","max":1,"middle":978},{"name":"Qarth#The Wall","max":1,"middle":979},{"name":"Qarth#Vaes Dothrak","max":3,"middle":981}]}