{
	"nodes": [{
		"name": "Arya Stark",
		"group": 1
	}, {
		"name": "Benjen Stark",
		"group": 1
	}, {
		"name": "Bran Stark",
		"group": 1
	}, {
		"name": "Catelyn Stark",
		"group": 1
	}, {
		"name": "Eddard Stark",
		"group": 1
	}, {
		"name": "Ghost",
		"group": 1
	}, {
		"name": "Grey Wind",
		"group": 1
	}, {
		"name": "Jon Snow",
		"group": 1
	}, {
		"name": "Lady",
		"group": 1
	}, {
		"name": "Nymeria",
		"group": 1
	}, {
		"name": "Rickon Stark",
		"group": 1
	}, {
		"name": "Robb Stark",
		"group": 1
	}, {
		"name": "Sansa Stark",
		"group": 1
	}, {
		"name": "Shaggydog",
		"group": 1
	}, {
		"name": "Summer",
		"group": 1
	}, {
		"name": "Daenerys Targaryen",
		"group": 2
	}, {
		"name": "Drogon",
		"group": 2
	}, {
		"name": "Rhaegal",
		"group": 2
	}, {
		"name": "Viserion",
		"group": 2
	}, {
		"name": "Viserys Targaryen",
		"group": 2
	}, {
		"name": "Joffrey Baratheon",
		"group": 3
	}, {
		"name": "Myrcella Baratheon",
		"group": 3
	}, {
		"name": "Renly Baratheon",
		"group": 3
	}, {
		"name": "Robert Baratheon",
		"group": 3
	}, {
		"name": "Selyse Baratheon",
		"group": 3
	}, {
		"name": "Shireen Baratheon",
		"group": 3
	}, {
		"name": "Stannis Baratheon",
		"group": 3
	}, {
		"name": "Tommen Baratheon",
		"group": 3
	}, {
		"name": "Cersei Lannister",
		"group": 4
	}, {
		"name": "Jaime Lannister",
		"group": 4
	}, {
		"name": "Kevan Lannister",
		"group": 4
	}, {
		"name": "Lancel Lannister",
		"group": 4
	}, {
		"name": "Tyrion Lannister",
		"group": 4
	}, {
		"name": "Tywin Lannister",
		"group": 4
	}, {
		"name": "Alliser Thorne",
		"group": 5
	}, {
		"name": "Eddison Tollett",
		"group": 5
	}, {
		"name": "Grenn",
		"group": 5
	}, {
		"name": "Jeor Mormont",
		"group": 5
	}, {
		"name": "Karl Tanner",
		"group": 5
	}, {
		"name": "Maester Aemon",
		"group": 5
	}, {
		"name": "Olly",
		"group": 5
	}, {
		"name": "Othell Yarwyck",
		"group": 5
	}, {
		"name": "Pypar",
		"group": 5
	}, {
		"name": "Qhorin Halfhand",
		"group": 5
	}, {
		"name": "Rast",
		"group": 5
	}, {
		"name": "Samwell Tarly",
		"group": 5
	}, {
		"name": "Yoren",
		"group": 5
	}, {
		"name": "Doreah",
		"group": 6
	}, {
		"name": "Irri",
		"group": 6
	}, {
		"name": "Khal Drogo",
		"group": 6
	}, {
		"name": "Rakharo",
		"group": 6
	}, {
		"name": "Balon Greyjoy",
		"group": 7
	}, {
		"name": "Euron Greyjoy",
		"group": 7
	}, {
		"name": "Theon Greyjoy",
		"group": 7
	}, {
		"name": "Yara Greyjoy",
		"group": 7
	}, {
		"name": "Loras Tyrell",
		"group": 8
	}, {
		"name": "Mace Tyrell",
		"group": 8
	}, {
		"name": "Margaery Tyrell",
		"group": 8
	}, {
		"name": "Olenna Tyrell",
		"group": 8
	}, {
		"name": "Baby Sam",
		"group": 9
	}, {
		"name": "Craster",
		"group": 9
	}, {
		"name": "Gilly",
		"group": 9
	}, {
		"name": "Mag the Mighty",
		"group": 9
	}, {
		"name": "Mance Rayder",
		"group": 9
	}, {
		"name": "Osha",
		"group": 9
	}, {
		"name": "Rattleshirt",
		"group": 9
	}, {
		"name": "Thenn Warg",
		"group": 9
	}, {
		"name": "Tormund Giantsbane",
		"group": 9
	}, {
		"name": "Wun Wun",
		"group": 9
	}, {
		"name": "Ygritte",
		"group": 9
	}, {
		"name": "Doran Martell",
		"group": 10
	}, {
		"name": "Ellaria Sand",
		"group": 10
	}, {
		"name": "Nymeria Sand",
		"group": 10
	}, {
		"name": "Obara Sand",
		"group": 10
	}, {
		"name": "Oberyn Martell",
		"group": 10
	}, {
		"name": "Trystane Martell",
		"group": 10
	}, {
		"name": "Tyene Sand",
		"group": 10
	}, {
		"name": "Black Walder Rivers",
		"group": 11
	}, {
		"name": "Lothar Frey",
		"group": 11
	}, {
		"name": "Walder Frey",
		"group": 11
	}, {
		"name": "Brynden Tully",
		"group": 12
	}, {
		"name": "Edmure Tully",
		"group": 12
	}, {
		"name": "Mag the Mighty Wight",
		"group": 13
	}, {
		"name": "The Night King",
		"group": 13
	}, {
		"name": "White Walker",
		"group": 13
	}, {
		"name": "Wight Wildling Girl",
		"group": 13
	}, {
		"name": "Wun Wun Wight",
		"group": 13
	}, {
		"name": "Archmaester Marwyn",
		"group": 14
	}, {
		"name": "Barristan Selmy",
		"group": 14
	}, {
		"name": "Beric Dondarrion",
		"group": 14
	}, {
		"name": "Brienne of Tarth",
		"group": 14
	}, {
		"name": "Bronn",
		"group": 14
	}, {
		"name": "Daario Naharis",
		"group": 14
	}, {
		"name": "Davos Seaworth",
		"group": 14
	}, {
		"name": "Gendry",
		"group": 14
	}, {
		"name": "Grand Maester Pycelle",
		"group": 14
	}, {
		"name": "Greatjon Umber",
		"group": 14
	}, {
		"name": "Gregor Clegane",
		"group": 14
	}, {
		"name": "Greizhen mo Ullhor",
		"group": 14
	}, {
		"name": "Grey Worm",
		"group": 14
	}, {
		"name": "Hallyne",
		"group": 14
	}, {
		"name": "High Sparrow",
		"group": 14
	}, {
		"name": "Hizdahr zo Loraq",
		"group": 14
	}, {
		"name": "Hodor",
		"group": 14
	}, {
		"name": "Hot Pie",
		"group": 14
	}, {
		"name": "Janos Slynt",
		"group": 14
	}, {
		"name": "Jaqen H'ghar",
		"group": 14
	}, {
		"name": "Jojen Reed",
		"group": 14
	}, {
		"name": "Jorah Mormont",
		"group": 14
	}, {
		"name": "Jory Cassel",
		"group": 14
	}, {
		"name": "Kraznys mo Nakloz",
		"group": 14
	}, {
		"name": "Lady Crane",
		"group": 14
	}, {
		"name": "Leaf",
		"group": 14
	}, {
		"name": "Locke",
		"group": 14
	}, {
		"name": "Lommy Greenhands",
		"group": 14
	}, {
		"name": "Lord Varys",
		"group": 14
	}, {
		"name": "Lyanna Mormont",
		"group": 14
	}, {
		"name": "Lysa Arryn",
		"group": 14
	}, {
		"name": "Maester Luwin",
		"group": 14
	}, {
		"name": "Matthos Seaworth",
		"group": 14
	}, {
		"name": "Meera Reed",
		"group": 14
	}, {
		"name": "Melisandre",
		"group": 14
	}, {
		"name": "Mirri Maz Duur",
		"group": 14
	}, {
		"name": "Missandei",
		"group": 14
	}, {
		"name": "Olyvar",
		"group": 14
	}, {
		"name": "Petyr Baelish",
		"group": 14
	}, {
		"name": "Podrick Payne",
		"group": 14
	}, {
		"name": "Prendahl na Ghezn",
		"group": 14
	}, {
		"name": "Pyat Pree",
		"group": 14
	}, {
		"name": "Qyburn",
		"group": 14
	}, {
		"name": "Ramsay Snow",
		"group": 14
	}, {
		"name": "Razdal mo Eraz",
		"group": 14
	}, {
		"name": "Rickard Karstark",
		"group": 14
	}, {
		"name": "Robin Arryn",
		"group": 14
	}, {
		"name": "Rodrik Cassel",
		"group": 14
	}, {
		"name": "Roose Bolton",
		"group": 14
	}, {
		"name": "Ros",
		"group": 14
	}, {
		"name": "Salladhor Saan",
		"group": 14
	}, {
		"name": "Sandor Clegane",
		"group": 14
	}, {
		"name": "Septa Mordane",
		"group": 14
	}, {
		"name": "Septa Unella",
		"group": 14
	}, {
		"name": "Shae",
		"group": 14
	}, {
		"name": "Silk King",
		"group": 14
	}, {
		"name": "Smalljon Umber",
		"group": 14
	}, {
		"name": "Syrio Forel",
		"group": 14
	}, {
		"name": "Talisa Maegyr",
		"group": 14
	}, {
		"name": "The Waif",
		"group": 14
	}, {
		"name": "Thoros of Myr",
		"group": 14
	}, {
		"name": "Three-Eyed Raven",
		"group": 14
	}, {
		"name": "Xaro Xhoan Daxos",
		"group": 14
	}, {
		"name": "Yezzan zo Qaggaz",
		"group": 14
	}, {
		"name": "Yohn Royce",
		"group": 14
	}],
	"links": [{
		"source": 1,
		"target": 0,
		"value": 194
	}, {
		"source": 2,
		"target": 0,
		"value": 1053
	}, {
		"source": 2,
		"target": 1,
		"value": 393
	}, {
		"source": 3,
		"target": 0,
		"value": 722
	}, {
		"source": 3,
		"target": 1,
		"value": 194
	}, {
		"source": 3,
		"target": 2,
		"value": 1161
	}, {
		"source": 4,
		"target": 0,
		"value": 2271
	}, {
		"source": 4,
		"target": 1,
		"value": 376
	}, {
		"source": 4,
		"target": 2,
		"value": 1232
	}, {
		"source": 4,
		"target": 3,
		"value": 1418
	}, {
		"source": 5,
		"target": 1,
		"value": 200
	}, {
		"source": 5,
		"target": 2,
		"value": 183
	}, {
		"source": 5,
		"target": 4,
		"value": 183
	}, {
		"source": 6,
		"target": 0,
		"value": 62
	}, {
		"source": 6,
		"target": 2,
		"value": 390
	}, {
		"source": 6,
		"target": 4,
		"value": 183
	}, {
		"source": 6,
		"target": 5,
		"value": 183
	}, {
		"source": 7,
		"target": 0,
		"value": 665
	}, {
		"source": 7,
		"target": 1,
		"value": 762
	}, {
		"source": 7,
		"target": 2,
		"value": 1182
	}, {
		"source": 7,
		"target": 3,
		"value": 747
	}, {
		"source": 7,
		"target": 4,
		"value": 1217
	}, {
		"source": 7,
		"target": 5,
		"value": 1996
	}, {
		"source": 7,
		"target": 6,
		"value": 183
	}, {
		"source": 8,
		"target": 2,
		"value": 183
	}, {
		"source": 8,
		"target": 4,
		"value": 221
	}, {
		"source": 8,
		"target": 5,
		"value": 183
	}, {
		"source": 8,
		"target": 6,
		"value": 183
	}, {
		"source": 8,
		"target": 7,
		"value": 183
	}, {
		"source": 9,
		"target": 0,
		"value": 428
	}, {
		"source": 9,
		"target": 2,
		"value": 183
	}, {
		"source": 9,
		"target": 4,
		"value": 183
	}, {
		"source": 9,
		"target": 5,
		"value": 183
	}, {
		"source": 9,
		"target": 6,
		"value": 183
	}, {
		"source": 9,
		"target": 7,
		"value": 320
	}, {
		"source": 9,
		"target": 8,
		"value": 183
	}, {
		"source": 10,
		"target": 0,
		"value": 528
	}, {
		"source": 10,
		"target": 2,
		"value": 2419
	}, {
		"source": 10,
		"target": 3,
		"value": 528
	}, {
		"source": 10,
		"target": 4,
		"value": 528
	}, {
		"source": 10,
		"target": 7,
		"value": 794
	}, {
		"source": 11,
		"target": 0,
		"value": 406
	}, {
		"source": 11,
		"target": 1,
		"value": 272
	}, {
		"source": 11,
		"target": 2,
		"value": 1638
	}, {
		"source": 11,
		"target": 3,
		"value": 3989
	}, {
		"source": 11,
		"target": 4,
		"value": 829
	}, {
		"source": 11,
		"target": 5,
		"value": 183
	}, {
		"source": 11,
		"target": 6,
		"value": 685
	}, {
		"source": 11,
		"target": 7,
		"value": 649
	}, {
		"source": 11,
		"target": 8,
		"value": 183
	}, {
		"source": 11,
		"target": 9,
		"value": 183
	}, {
		"source": 11,
		"target": 10,
		"value": 313
	}, {
		"source": 12,
		"target": 0,
		"value": 3690
	}, {
		"source": 12,
		"target": 1,
		"value": 194
	}, {
		"source": 12,
		"target": 2,
		"value": 1207
	}, {
		"source": 12,
		"target": 3,
		"value": 773
	}, {
		"source": 12,
		"target": 4,
		"value": 2029
	}, {
		"source": 12,
		"target": 7,
		"value": 3779
	}, {
		"source": 12,
		"target": 8,
		"value": 111
	}, {
		"source": 12,
		"target": 9,
		"value": 163
	}, {
		"source": 12,
		"target": 10,
		"value": 544
	}, {
		"source": 12,
		"target": 11,
		"value": 385
	}, {
		"source": 13,
		"target": 2,
		"value": 507
	}, {
		"source": 13,
		"target": 4,
		"value": 183
	}, {
		"source": 13,
		"target": 5,
		"value": 183
	}, {
		"source": 13,
		"target": 6,
		"value": 183
	}, {
		"source": 13,
		"target": 7,
		"value": 230
	}, {
		"source": 13,
		"target": 8,
		"value": 183
	}, {
		"source": 13,
		"target": 9,
		"value": 183
	}, {
		"source": 13,
		"target": 10,
		"value": 360
	}, {
		"source": 13,
		"target": 11,
		"value": 183
	}, {
		"source": 13,
		"target": 12,
		"value": 5
	}, {
		"source": 14,
		"target": 0,
		"value": 337
	}, {
		"source": 14,
		"target": 1,
		"value": 78
	}, {
		"source": 14,
		"target": 2,
		"value": 2524
	}, {
		"source": 14,
		"target": 3,
		"value": 529
	}, {
		"source": 14,
		"target": 4,
		"value": 598
	}, {
		"source": 14,
		"target": 5,
		"value": 207
	}, {
		"source": 14,
		"target": 6,
		"value": 183
	}, {
		"source": 14,
		"target": 7,
		"value": 562
	}, {
		"source": 14,
		"target": 8,
		"value": 183
	}, {
		"source": 14,
		"target": 9,
		"value": 183
	}, {
		"source": 14,
		"target": 10,
		"value": 644
	}, {
		"source": 14,
		"target": 11,
		"value": 453
	}, {
		"source": 14,
		"target": 12,
		"value": 337
	}, {
		"source": 14,
		"target": 13,
		"value": 477
	}, {
		"source": 15,
		"target": 2,
		"value": 7
	}, {
		"source": 15,
		"target": 3,
		"value": 7
	}, {
		"source": 15,
		"target": 4,
		"value": 7
	}, {
		"source": 15,
		"target": 7,
		"value": 3367
	}, {
		"source": 16,
		"target": 2,
		"value": 7
	}, {
		"source": 16,
		"target": 3,
		"value": 7
	}, {
		"source": 16,
		"target": 4,
		"value": 7
	}, {
		"source": 16,
		"target": 7,
		"value": 468
	}, {
		"source": 16,
		"target": 15,
		"value": 4061
	}, {
		"source": 17,
		"target": 7,
		"value": 387
	}, {
		"source": 17,
		"target": 15,
		"value": 2786
	}, {
		"source": 17,
		"target": 16,
		"value": 2691
	}, {
		"source": 18,
		"target": 7,
		"value": 263
	}, {
		"source": 18,
		"target": 15,
		"value": 2629
	}, {
		"source": 18,
		"target": 16,
		"value": 2549
	}, {
		"source": 18,
		"target": 17,
		"value": 3101
	}, {
		"source": 19,
		"target": 15,
		"value": 1767
	}, {
		"source": 19,
		"target": 16,
		"value": 471
	}, {
		"source": 19,
		"target": 17,
		"value": 471
	}, {
		"source": 19,
		"target": 18,
		"value": 471
	}, {
		"source": 20,
		"target": 0,
		"value": 1522
	}, {
		"source": 20,
		"target": 1,
		"value": 194
	}, {
		"source": 20,
		"target": 2,
		"value": 337
	}, {
		"source": 20,
		"target": 3,
		"value": 531
	}, {
		"source": 20,
		"target": 4,
		"value": 2013
	}, {
		"source": 20,
		"target": 7,
		"value": 337
	}, {
		"source": 20,
		"target": 8,
		"value": 111
	}, {
		"source": 20,
		"target": 9,
		"value": 163
	}, {
		"source": 20,
		"target": 10,
		"value": 337
	}, {
		"source": 20,
		"target": 11,
		"value": 194
	}, {
		"source": 20,
		"target": 12,
		"value": 5092
	}, {
		"source": 20,
		"target": 14,
		"value": 337
	}, {
		"source": 21,
		"target": 0,
		"value": 586
	}, {
		"source": 21,
		"target": 2,
		"value": 337
	}, {
		"source": 21,
		"target": 3,
		"value": 337
	}, {
		"source": 21,
		"target": 4,
		"value": 576
	}, {
		"source": 21,
		"target": 7,
		"value": 337
	}, {
		"source": 21,
		"target": 10,
		"value": 337
	}, {
		"source": 21,
		"target": 12,
		"value": 1135
	}, {
		"source": 21,
		"target": 14,
		"value": 337
	}, {
		"source": 21,
		"target": 20,
		"value": 1047
	}, {
		"source": 22,
		"target": 0,
		"value": 249
	}, {
		"source": 22,
		"target": 3,
		"value": 699
	}, {
		"source": 22,
		"target": 4,
		"value": 1305
	}, {
		"source": 22,
		"target": 12,
		"value": 488
	}, {
		"source": 22,
		"target": 20,
		"value": 783
	}, {
		"source": 22,
		"target": 21,
		"value": 488
	}, {
		"source": 23,
		"target": 0,
		"value": 1029
	}, {
		"source": 23,
		"target": 1,
		"value": 272
	}, {
		"source": 23,
		"target": 2,
		"value": 415
	}, {
		"source": 23,
		"target": 3,
		"value": 554
	}, {
		"source": 23,
		"target": 4,
		"value": 2387
	}, {
		"source": 23,
		"target": 7,
		"value": 337
	}, {
		"source": 23,
		"target": 10,
		"value": 337
	}, {
		"source": 23,
		"target": 11,
		"value": 272
	}, {
		"source": 23,
		"target": 12,
		"value": 1268
	}, {
		"source": 23,
		"target": 14,
		"value": 415
	}, {
		"source": 23,
		"target": 20,
		"value": 1563
	}, {
		"source": 23,
		"target": 21,
		"value": 825
	}, {
		"source": 23,
		"target": 22,
		"value": 1111
	}, {
		"source": 24,
		"target": 7,
		"value": 183
	}, {
		"source": 25,
		"target": 7,
		"value": 183
	}, {
		"source": 25,
		"target": 24,
		"value": 478
	}, {
		"source": 26,
		"target": 3,
		"value": 193
	}, {
		"source": 26,
		"target": 7,
		"value": 1235
	}, {
		"source": 26,
		"target": 22,
		"value": 193
	}, {
		"source": 26,
		"target": 24,
		"value": 989
	}, {
		"source": 26,
		"target": 25,
		"value": 828
	}, {
		"source": 27,
		"target": 0,
		"value": 586
	}, {
		"source": 27,
		"target": 2,
		"value": 337
	}, {
		"source": 27,
		"target": 3,
		"value": 337
	}, {
		"source": 27,
		"target": 4,
		"value": 576
	}, {
		"source": 27,
		"target": 7,
		"value": 337
	}, {
		"source": 27,
		"target": 10,
		"value": 337
	}, {
		"source": 27,
		"target": 12,
		"value": 2189
	}, {
		"source": 27,
		"target": 14,
		"value": 337
	}, {
		"source": 27,
		"target": 20,
		"value": 2272
	}, {
		"source": 27,
		"target": 21,
		"value": 1458
	}, {
		"source": 27,
		"target": 22,
		"value": 488
	}, {
		"source": 27,
		"target": 23,
		"value": 825
	}, {
		"source": 28,
		"target": 0,
		"value": 1359
	}, {
		"source": 28,
		"target": 1,
		"value": 194
	}, {
		"source": 28,
		"target": 2,
		"value": 594
	}, {
		"source": 28,
		"target": 3,
		"value": 700
	}, {
		"source": 28,
		"target": 4,
		"value": 2164
	}, {
		"source": 28,
		"target": 7,
		"value": 1240
	}, {
		"source": 28,
		"target": 10,
		"value": 337
	}, {
		"source": 28,
		"target": 11,
		"value": 194
	}, {
		"source": 28,
		"target": 12,
		"value": 4400
	}, {
		"source": 28,
		"target": 14,
		"value": 448
	}, {
		"source": 28,
		"target": 15,
		"value": 780
	}, {
		"source": 28,
		"target": 16,
		"value": 72
	}, {
		"source": 28,
		"target": 17,
		"value": 72
	}, {
		"source": 28,
		"target": 20,
		"value": 5519
	}, {
		"source": 28,
		"target": 21,
		"value": 864
	}, {
		"source": 28,
		"target": 22,
		"value": 544
	}, {
		"source": 28,
		"target": 23,
		"value": 1995
	}, {
		"source": 28,
		"target": 27,
		"value": 3879
	}, {
		"source": 29,
		"target": 0,
		"value": 531
	}, {
		"source": 29,
		"target": 1,
		"value": 194
	}, {
		"source": 29,
		"target": 2,
		"value": 458
	}, {
		"source": 29,
		"target": 3,
		"value": 1113
	}, {
		"source": 29,
		"target": 4,
		"value": 879
	}, {
		"source": 29,
		"target": 6,
		"value": 208
	}, {
		"source": 29,
		"target": 7,
		"value": 1342
	}, {
		"source": 29,
		"target": 10,
		"value": 337
	}, {
		"source": 29,
		"target": 11,
		"value": 535
	}, {
		"source": 29,
		"target": 12,
		"value": 756
	}, {
		"source": 29,
		"target": 14,
		"value": 448
	}, {
		"source": 29,
		"target": 15,
		"value": 904
	}, {
		"source": 29,
		"target": 16,
		"value": 196
	}, {
		"source": 29,
		"target": 17,
		"value": 72
	}, {
		"source": 29,
		"target": 20,
		"value": 1186
	}, {
		"source": 29,
		"target": 21,
		"value": 1526
	}, {
		"source": 29,
		"target": 23,
		"value": 803
	}, {
		"source": 29,
		"target": 27,
		"value": 1092
	}, {
		"source": 29,
		"target": 28,
		"value": 6920
	}, {
		"source": 30,
		"target": 0,
		"value": 107
	}, {
		"source": 30,
		"target": 27,
		"value": 226
	}, {
		"source": 30,
		"target": 28,
		"value": 724
	}, {
		"source": 30,
		"target": 29,
		"value": 335
	}, {
		"source": 31,
		"target": 4,
		"value": 153
	}, {
		"source": 31,
		"target": 12,
		"value": 219
	}, {
		"source": 31,
		"target": 20,
		"value": 336
	}, {
		"source": 31,
		"target": 22,
		"value": 113
	}, {
		"source": 31,
		"target": 23,
		"value": 538
	}, {
		"source": 31,
		"target": 27,
		"value": 25
	}, {
		"source": 31,
		"target": 28,
		"value": 389
	}, {
		"source": 31,
		"target": 29,
		"value": 315
	}, {
		"source": 31,
		"target": 30,
		"value": 267
	}, {
		"source": 32,
		"target": 1,
		"value": 823
	}, {
		"source": 32,
		"target": 2,
		"value": 181
	}, {
		"source": 32,
		"target": 3,
		"value": 1173
	}, {
		"source": 32,
		"target": 4,
		"value": 182
	}, {
		"source": 32,
		"target": 5,
		"value": 200
	}, {
		"source": 32,
		"target": 6,
		"value": 103
	}, {
		"source": 32,
		"target": 7,
		"value": 3853
	}, {
		"source": 32,
		"target": 11,
		"value": 181
	}, {
		"source": 32,
		"target": 12,
		"value": 2678
	}, {
		"source": 32,
		"target": 14,
		"value": 78
	}, {
		"source": 32,
		"target": 15,
		"value": 6498
	}, {
		"source": 32,
		"target": 16,
		"value": 850
	}, {
		"source": 32,
		"target": 17,
		"value": 388
	}, {
		"source": 32,
		"target": 18,
		"value": 316
	}, {
		"source": 32,
		"target": 20,
		"value": 2519
	}, {
		"source": 32,
		"target": 21,
		"value": 412
	}, {
		"source": 32,
		"target": 23,
		"value": 78
	}, {
		"source": 32,
		"target": 27,
		"value": 1417
	}, {
		"source": 32,
		"target": 28,
		"value": 6485
	}, {
		"source": 32,
		"target": 29,
		"value": 3821
	}, {
		"source": 32,
		"target": 30,
		"value": 382
	}, {
		"source": 32,
		"target": 31,
		"value": 573
	}, {
		"source": 33,
		"target": 0,
		"value": 1186
	}, {
		"source": 33,
		"target": 12,
		"value": 1186
	}, {
		"source": 33,
		"target": 20,
		"value": 1964
	}, {
		"source": 33,
		"target": 27,
		"value": 1322
	}, {
		"source": 33,
		"target": 28,
		"value": 4491
	}, {
		"source": 33,
		"target": 29,
		"value": 2269
	}, {
		"source": 33,
		"target": 30,
		"value": 489
	}, {
		"source": 33,
		"target": 32,
		"value": 4464
	}, {
		"source": 34,
		"target": 5,
		"value": 218
	}, {
		"source": 34,
		"target": 7,
		"value": 3416
	}, {
		"source": 34,
		"target": 26,
		"value": 199
	}, {
		"source": 34,
		"target": 32,
		"value": 96
	}, {
		"source": 35,
		"target": 2,
		"value": 75
	}, {
		"source": 35,
		"target": 5,
		"value": 622
	}, {
		"source": 35,
		"target": 7,
		"value": 4901
	}, {
		"source": 35,
		"target": 12,
		"value": 425
	}, {
		"source": 35,
		"target": 24,
		"value": 233
	}, {
		"source": 35,
		"target": 25,
		"value": 233
	}, {
		"source": 35,
		"target": 26,
		"value": 527
	}, {
		"source": 35,
		"target": 34,
		"value": 1504
	}, {
		"source": 36,
		"target": 5,
		"value": 427
	}, {
		"source": 36,
		"target": 7,
		"value": 3118
	}, {
		"source": 36,
		"target": 24,
		"value": 62
	}, {
		"source": 36,
		"target": 25,
		"value": 62
	}, {
		"source": 36,
		"target": 26,
		"value": 62
	}, {
		"source": 36,
		"target": 32,
		"value": 339
	}, {
		"source": 36,
		"target": 34,
		"value": 1280
	}, {
		"source": 36,
		"target": 35,
		"value": 2436
	}, {
		"source": 37,
		"target": 5,
		"value": 194
	}, {
		"source": 37,
		"target": 7,
		"value": 1852
	}, {
		"source": 37,
		"target": 32,
		"value": 219
	}, {
		"source": 37,
		"target": 34,
		"value": 494
	}, {
		"source": 37,
		"target": 35,
		"value": 725
	}, {
		"source": 37,
		"target": 36,
		"value": 1342
	}, {
		"source": 38,
		"target": 2,
		"value": 315
	}, {
		"source": 38,
		"target": 5,
		"value": 37
	}, {
		"source": 38,
		"target": 7,
		"value": 115
	}, {
		"source": 38,
		"target": 35,
		"value": 278
	}, {
		"source": 38,
		"target": 36,
		"value": 278
	}, {
		"source": 38,
		"target": 37,
		"value": 332
	}, {
		"source": 39,
		"target": 7,
		"value": 1402
	}, {
		"source": 39,
		"target": 24,
		"value": 62
	}, {
		"source": 39,
		"target": 25,
		"value": 62
	}, {
		"source": 39,
		"target": 26,
		"value": 62
	}, {
		"source": 39,
		"target": 32,
		"value": 123
	}, {
		"source": 39,
		"target": 34,
		"value": 984
	}, {
		"source": 39,
		"target": 35,
		"value": 333
	}, {
		"source": 39,
		"target": 36,
		"value": 553
	}, {
		"source": 39,
		"target": 37,
		"value": 453
	}, {
		"source": 40,
		"target": 5,
		"value": 164
	}, {
		"source": 40,
		"target": 7,
		"value": 2311
	}, {
		"source": 40,
		"target": 24,
		"value": 145
	}, {
		"source": 40,
		"target": 25,
		"value": 145
	}, {
		"source": 40,
		"target": 26,
		"value": 476
	}, {
		"source": 40,
		"target": 34,
		"value": 1833
	}, {
		"source": 40,
		"target": 35,
		"value": 1451
	}, {
		"source": 40,
		"target": 36,
		"value": 421
	}, {
		"source": 40,
		"target": 39,
		"value": 481
	}, {
		"source": 41,
		"target": 5,
		"value": 274
	}, {
		"source": 41,
		"target": 7,
		"value": 1921
	}, {
		"source": 41,
		"target": 26,
		"value": 91
	}, {
		"source": 41,
		"target": 34,
		"value": 1832
	}, {
		"source": 41,
		"target": 35,
		"value": 827
	}, {
		"source": 41,
		"target": 36,
		"value": 448
	}, {
		"source": 41,
		"target": 37,
		"value": 406
	}, {
		"source": 41,
		"target": 39,
		"value": 887
	}, {
		"source": 41,
		"target": 40,
		"value": 1136
	}, {
		"source": 42,
		"target": 5,
		"value": 149
	}, {
		"source": 42,
		"target": 7,
		"value": 2106
	}, {
		"source": 42,
		"target": 32,
		"value": 339
	}, {
		"source": 42,
		"target": 34,
		"value": 1248
	}, {
		"source": 42,
		"target": 35,
		"value": 491
	}, {
		"source": 42,
		"target": 36,
		"value": 1880
	}, {
		"source": 42,
		"target": 37,
		"value": 617
	}, {
		"source": 42,
		"target": 39,
		"value": 570
	}, {
		"source": 42,
		"target": 40,
		"value": 271
	}, {
		"source": 42,
		"target": 41,
		"value": 527
	}, {
		"source": 43,
		"target": 5,
		"value": 161
	}, {
		"source": 43,
		"target": 7,
		"value": 857
	}, {
		"source": 43,
		"target": 35,
		"value": 166
	}, {
		"source": 43,
		"target": 36,
		"value": 166
	}, {
		"source": 43,
		"target": 37,
		"value": 166
	}, {
		"source": 44,
		"target": 1,
		"value": 200
	}, {
		"source": 44,
		"target": 2,
		"value": 158
	}, {
		"source": 44,
		"target": 5,
		"value": 396
	}, {
		"source": 44,
		"target": 7,
		"value": 1398
	}, {
		"source": 44,
		"target": 32,
		"value": 539
	}, {
		"source": 44,
		"target": 34,
		"value": 715
	}, {
		"source": 44,
		"target": 35,
		"value": 472
	}, {
		"source": 44,
		"target": 36,
		"value": 1670
	}, {
		"source": 44,
		"target": 37,
		"value": 946
	}, {
		"source": 44,
		"target": 38,
		"value": 527
	}, {
		"source": 44,
		"target": 39,
		"value": 453
	}, {
		"source": 44,
		"target": 41,
		"value": 330
	}, {
		"source": 44,
		"target": 42,
		"value": 1198
	}, {
		"source": 45,
		"target": 2,
		"value": 389
	}, {
		"source": 45,
		"target": 5,
		"value": 696
	}, {
		"source": 45,
		"target": 7,
		"value": 5308
	}, {
		"source": 45,
		"target": 14,
		"value": 248
	}, {
		"source": 45,
		"target": 24,
		"value": 213
	}, {
		"source": 45,
		"target": 25,
		"value": 352
	}, {
		"source": 45,
		"target": 26,
		"value": 591
	}, {
		"source": 45,
		"target": 34,
		"value": 2189
	}, {
		"source": 45,
		"target": 35,
		"value": 2694
	}, {
		"source": 45,
		"target": 36,
		"value": 2652
	}, {
		"source": 45,
		"target": 37,
		"value": 1384
	}, {
		"source": 45,
		"target": 38,
		"value": 309
	}, {
		"source": 45,
		"target": 39,
		"value": 1392
	}, {
		"source": 45,
		"target": 40,
		"value": 1226
	}, {
		"source": 45,
		"target": 41,
		"value": 1145
	}, {
		"source": 45,
		"target": 42,
		"value": 1708
	}, {
		"source": 45,
		"target": 43,
		"value": 166
	}, {
		"source": 45,
		"target": 44,
		"value": 1235
	}, {
		"source": 46,
		"target": 0,
		"value": 1252
	}, {
		"source": 46,
		"target": 1,
		"value": 234
	}, {
		"source": 46,
		"target": 2,
		"value": 103
	}, {
		"source": 46,
		"target": 3,
		"value": 184
	}, {
		"source": 46,
		"target": 4,
		"value": 493
	}, {
		"source": 46,
		"target": 6,
		"value": 103
	}, {
		"source": 46,
		"target": 11,
		"value": 103
	}, {
		"source": 46,
		"target": 12,
		"value": 376
	}, {
		"source": 46,
		"target": 20,
		"value": 330
	}, {
		"source": 46,
		"target": 28,
		"value": 330
	}, {
		"source": 46,
		"target": 32,
		"value": 521
	}, {
		"source": 47,
		"target": 15,
		"value": 2573
	}, {
		"source": 47,
		"target": 16,
		"value": 515
	}, {
		"source": 47,
		"target": 17,
		"value": 292
	}, {
		"source": 47,
		"target": 18,
		"value": 292
	}, {
		"source": 47,
		"target": 19,
		"value": 1056
	}, {
		"source": 48,
		"target": 15,
		"value": 2741
	}, {
		"source": 48,
		"target": 16,
		"value": 283
	}, {
		"source": 48,
		"target": 17,
		"value": 283
	}, {
		"source": 48,
		"target": 18,
		"value": 283
	}, {
		"source": 48,
		"target": 19,
		"value": 981
	}, {
		"source": 48,
		"target": 47,
		"value": 2085
	}, {
		"source": 49,
		"target": 15,
		"value": 3575
	}, {
		"source": 49,
		"target": 16,
		"value": 824
	}, {
		"source": 49,
		"target": 17,
		"value": 824
	}, {
		"source": 49,
		"target": 18,
		"value": 824
	}, {
		"source": 49,
		"target": 19,
		"value": 1432
	}, {
		"source": 49,
		"target": 47,
		"value": 1400
	}, {
		"source": 49,
		"target": 48,
		"value": 1715
	}, {
		"source": 50,
		"target": 15,
		"value": 2514
	}, {
		"source": 50,
		"target": 16,
		"value": 556
	}, {
		"source": 50,
		"target": 17,
		"value": 371
	}, {
		"source": 50,
		"target": 18,
		"value": 371
	}, {
		"source": 50,
		"target": 19,
		"value": 218
	}, {
		"source": 50,
		"target": 47,
		"value": 1284
	}, {
		"source": 50,
		"target": 48,
		"value": 1719
	}, {
		"source": 50,
		"target": 49,
		"value": 1616
	}, {
		"source": 52,
		"target": 7,
		"value": 679
	}, {
		"source": 52,
		"target": 15,
		"value": 556
	}, {
		"source": 52,
		"target": 16,
		"value": 72
	}, {
		"source": 52,
		"target": 17,
		"value": 72
	}, {
		"source": 52,
		"target": 28,
		"value": 1072
	}, {
		"source": 52,
		"target": 29,
		"value": 1072
	}, {
		"source": 52,
		"target": 32,
		"value": 679
	}, {
		"source": 52,
		"target": 51,
		"value": 155
	}, {
		"source": 53,
		"target": 0,
		"value": 722
	}, {
		"source": 53,
		"target": 1,
		"value": 272
	}, {
		"source": 53,
		"target": 2,
		"value": 2111
	}, {
		"source": 53,
		"target": 3,
		"value": 1528
	}, {
		"source": 53,
		"target": 4,
		"value": 1166
	}, {
		"source": 53,
		"target": 5,
		"value": 183
	}, {
		"source": 53,
		"target": 6,
		"value": 390
	}, {
		"source": 53,
		"target": 7,
		"value": 2640
	}, {
		"source": 53,
		"target": 8,
		"value": 183
	}, {
		"source": 53,
		"target": 9,
		"value": 183
	}, {
		"source": 53,
		"target": 10,
		"value": 836
	}, {
		"source": 53,
		"target": 11,
		"value": 2378
	}, {
		"source": 53,
		"target": 12,
		"value": 2546
	}, {
		"source": 53,
		"target": 13,
		"value": 183
	}, {
		"source": 53,
		"target": 14,
		"value": 652
	}, {
		"source": 53,
		"target": 15,
		"value": 1451
	}, {
		"source": 53,
		"target": 16,
		"value": 165
	}, {
		"source": 53,
		"target": 17,
		"value": 165
	}, {
		"source": 53,
		"target": 18,
		"value": 93
	}, {
		"source": 53,
		"target": 20,
		"value": 531
	}, {
		"source": 53,
		"target": 21,
		"value": 337
	}, {
		"source": 53,
		"target": 23,
		"value": 609
	}, {
		"source": 53,
		"target": 27,
		"value": 337
	}, {
		"source": 53,
		"target": 28,
		"value": 1434
	}, {
		"source": 53,
		"target": 29,
		"value": 1557
	}, {
		"source": 53,
		"target": 32,
		"value": 2119
	}, {
		"source": 53,
		"target": 46,
		"value": 103
	}, {
		"source": 53,
		"target": 51,
		"value": 567
	}, {
		"source": 53,
		"target": 52,
		"value": 986
	}, {
		"source": 54,
		"target": 15,
		"value": 445
	}, {
		"source": 54,
		"target": 16,
		"value": 93
	}, {
		"source": 54,
		"target": 17,
		"value": 93
	}, {
		"source": 54,
		"target": 18,
		"value": 93
	}, {
		"source": 54,
		"target": 28,
		"value": 156
	}, {
		"source": 54,
		"target": 29,
		"value": 156
	}, {
		"source": 54,
		"target": 32,
		"value": 445
	}, {
		"source": 54,
		"target": 51,
		"value": 904
	}, {
		"source": 54,
		"target": 52,
		"value": 751
	}, {
		"source": 54,
		"target": 53,
		"value": 2572
	}, {
		"source": 55,
		"target": 3,
		"value": 441
	}, {
		"source": 55,
		"target": 4,
		"value": 239
	}, {
		"source": 55,
		"target": 12,
		"value": 1240
	}, {
		"source": 55,
		"target": 20,
		"value": 1241
	}, {
		"source": 55,
		"target": 21,
		"value": 239
	}, {
		"source": 55,
		"target": 22,
		"value": 1191
	}, {
		"source": 55,
		"target": 23,
		"value": 239
	}, {
		"source": 55,
		"target": 26,
		"value": 193
	}, {
		"source": 55,
		"target": 27,
		"value": 1026
	}, {
		"source": 55,
		"target": 28,
		"value": 2195
	}, {
		"source": 55,
		"target": 29,
		"value": 845
	}, {
		"source": 55,
		"target": 30,
		"value": 307
	}, {
		"source": 55,
		"target": 31,
		"value": 300
	}, {
		"source": 55,
		"target": 32,
		"value": 1292
	}, {
		"source": 55,
		"target": 33,
		"value": 1363
	}, {
		"source": 56,
		"target": 0,
		"value": 141
	}, {
		"source": 56,
		"target": 12,
		"value": 747
	}, {
		"source": 56,
		"target": 20,
		"value": 797
	}, {
		"source": 56,
		"target": 27,
		"value": 1361
	}, {
		"source": 56,
		"target": 28,
		"value": 3048
	}, {
		"source": 56,
		"target": 29,
		"value": 1822
	}, {
		"source": 56,
		"target": 30,
		"value": 821
	}, {
		"source": 56,
		"target": 31,
		"value": 294
	}, {
		"source": 56,
		"target": 32,
		"value": 2028
	}, {
		"source": 56,
		"target": 33,
		"value": 2290
	}, {
		"source": 56,
		"target": 55,
		"value": 1436
	}, {
		"source": 57,
		"target": 3,
		"value": 248
	}, {
		"source": 57,
		"target": 12,
		"value": 2055
	}, {
		"source": 57,
		"target": 20,
		"value": 2218
	}, {
		"source": 57,
		"target": 22,
		"value": 590
	}, {
		"source": 57,
		"target": 27,
		"value": 2166
	}, {
		"source": 57,
		"target": 28,
		"value": 3460
	}, {
		"source": 57,
		"target": 29,
		"value": 1284
	}, {
		"source": 57,
		"target": 30,
		"value": 351
	}, {
		"source": 57,
		"target": 31,
		"value": 315
	}, {
		"source": 57,
		"target": 32,
		"value": 1853
	}, {
		"source": 57,
		"target": 33,
		"value": 1994
	}, {
		"source": 57,
		"target": 55,
		"value": 3169
	}, {
		"source": 57,
		"target": 56,
		"value": 2171
	}, {
		"source": 58,
		"target": 12,
		"value": 1276
	}, {
		"source": 58,
		"target": 15,
		"value": 254
	}, {
		"source": 58,
		"target": 20,
		"value": 1075
	}, {
		"source": 58,
		"target": 27,
		"value": 1067
	}, {
		"source": 58,
		"target": 28,
		"value": 1973
	}, {
		"source": 58,
		"target": 29,
		"value": 958
	}, {
		"source": 58,
		"target": 30,
		"value": 285
	}, {
		"source": 58,
		"target": 31,
		"value": 43
	}, {
		"source": 58,
		"target": 32,
		"value": 1334
	}, {
		"source": 58,
		"target": 33,
		"value": 1179
	}, {
		"source": 58,
		"target": 53,
		"value": 201
	}, {
		"source": 58,
		"target": 54,
		"value": 201
	}, {
		"source": 58,
		"target": 55,
		"value": 807
	}, {
		"source": 58,
		"target": 56,
		"value": 974
	}, {
		"source": 58,
		"target": 57,
		"value": 2318
	}, {
		"source": 59,
		"target": 2,
		"value": 248
	}, {
		"source": 59,
		"target": 7,
		"value": 85
	}, {
		"source": 59,
		"target": 14,
		"value": 248
	}, {
		"source": 59,
		"target": 24,
		"value": 50
	}, {
		"source": 59,
		"target": 25,
		"value": 50
	}, {
		"source": 59,
		"target": 34,
		"value": 153
	}, {
		"source": 59,
		"target": 35,
		"value": 50
	}, {
		"source": 59,
		"target": 39,
		"value": 393
	}, {
		"source": 59,
		"target": 40,
		"value": 106
	}, {
		"source": 59,
		"target": 42,
		"value": 90
	}, {
		"source": 59,
		"target": 45,
		"value": 3119
	}, {
		"source": 60,
		"target": 7,
		"value": 408
	}, {
		"source": 60,
		"target": 35,
		"value": 260
	}, {
		"source": 60,
		"target": 36,
		"value": 260
	}, {
		"source": 60,
		"target": 37,
		"value": 601
	}, {
		"source": 60,
		"target": 38,
		"value": 295
	}, {
		"source": 60,
		"target": 44,
		"value": 151
	}, {
		"source": 60,
		"target": 45,
		"value": 254
	}, {
		"source": 61,
		"target": 2,
		"value": 248
	}, {
		"source": 61,
		"target": 5,
		"value": 104
	}, {
		"source": 61,
		"target": 7,
		"value": 606
	}, {
		"source": 61,
		"target": 14,
		"value": 248
	}, {
		"source": 61,
		"target": 24,
		"value": 151
	}, {
		"source": 61,
		"target": 25,
		"value": 290
	}, {
		"source": 61,
		"target": 26,
		"value": 123
	}, {
		"source": 61,
		"target": 34,
		"value": 164
	}, {
		"source": 61,
		"target": 35,
		"value": 161
	}, {
		"source": 61,
		"target": 37,
		"value": 239
	}, {
		"source": 61,
		"target": 39,
		"value": 393
	}, {
		"source": 61,
		"target": 40,
		"value": 208
	}, {
		"source": 61,
		"target": 42,
		"value": 90
	}, {
		"source": 61,
		"target": 45,
		"value": 4579
	}, {
		"source": 61,
		"target": 59,
		"value": 3182
	}, {
		"source": 61,
		"target": 60,
		"value": 239
	}, {
		"source": 62,
		"target": 7,
		"value": 55
	}, {
		"source": 62,
		"target": 36,
		"value": 95
	}, {
		"source": 62,
		"target": 45,
		"value": 55
	}, {
		"source": 63,
		"target": 7,
		"value": 1654
	}, {
		"source": 63,
		"target": 24,
		"value": 101
	}, {
		"source": 63,
		"target": 25,
		"value": 101
	}, {
		"source": 63,
		"target": 26,
		"value": 401
	}, {
		"source": 63,
		"target": 34,
		"value": 11
	}, {
		"source": 63,
		"target": 35,
		"value": 233
	}, {
		"source": 63,
		"target": 40,
		"value": 23
	}, {
		"source": 63,
		"target": 45,
		"value": 244
	}, {
		"source": 63,
		"target": 61,
		"value": 122
	}, {
		"source": 64,
		"target": 2,
		"value": 2484
	}, {
		"source": 64,
		"target": 10,
		"value": 1798
	}, {
		"source": 64,
		"target": 11,
		"value": 207
	}, {
		"source": 64,
		"target": 13,
		"value": 360
	}, {
		"source": 64,
		"target": 14,
		"value": 418
	}, {
		"source": 64,
		"target": 53,
		"value": 930
	}, {
		"source": 65,
		"target": 7,
		"value": 603
	}, {
		"source": 65,
		"target": 35,
		"value": 94
	}, {
		"source": 65,
		"target": 43,
		"value": 298
	}, {
		"source": 65,
		"target": 63,
		"value": 117
	}, {
		"source": 66,
		"target": 34,
		"value": 44
	}, {
		"source": 66,
		"target": 40,
		"value": 57
	}, {
		"source": 66,
		"target": 42,
		"value": 89
	}, {
		"source": 66,
		"target": 45,
		"value": 115
	}, {
		"source": 66,
		"target": 59,
		"value": 9
	}, {
		"source": 66,
		"target": 61,
		"value": 9
	}, {
		"source": 67,
		"target": 5,
		"value": 262
	}, {
		"source": 67,
		"target": 7,
		"value": 8443
	}, {
		"source": 67,
		"target": 10,
		"value": 123
	}, {
		"source": 67,
		"target": 12,
		"value": 1717
	}, {
		"source": 67,
		"target": 13,
		"value": 5
	}, {
		"source": 67,
		"target": 15,
		"value": 251
	}, {
		"source": 67,
		"target": 16,
		"value": 251
	}, {
		"source": 67,
		"target": 17,
		"value": 221
	}, {
		"source": 67,
		"target": 18,
		"value": 151
	}, {
		"source": 67,
		"target": 24,
		"value": 101
	}, {
		"source": 67,
		"target": 25,
		"value": 101
	}, {
		"source": 67,
		"target": 26,
		"value": 245
	}, {
		"source": 67,
		"target": 34,
		"value": 542
	}, {
		"source": 67,
		"target": 35,
		"value": 2377
	}, {
		"source": 67,
		"target": 40,
		"value": 497
	}, {
		"source": 67,
		"target": 41,
		"value": 320
	}, {
		"source": 67,
		"target": 42,
		"value": 89
	}, {
		"source": 67,
		"target": 45,
		"value": 457
	}, {
		"source": 67,
		"target": 59,
		"value": 9
	}, {
		"source": 67,
		"target": 61,
		"value": 120
	}, {
		"source": 67,
		"target": 63,
		"value": 759
	}, {
		"source": 67,
		"target": 65,
		"value": 211
	}, {
		"source": 67,
		"target": 66,
		"value": 498
	}, {
		"source": 68,
		"target": 7,
		"value": 1302
	}, {
		"source": 68,
		"target": 10,
		"value": 60
	}, {
		"source": 68,
		"target": 12,
		"value": 198
	}, {
		"source": 68,
		"target": 34,
		"value": 61
	}, {
		"source": 68,
		"target": 35,
		"value": 728
	}, {
		"source": 68,
		"target": 40,
		"value": 91
	}, {
		"source": 68,
		"target": 41,
		"value": 30
	}, {
		"source": 68,
		"target": 45,
		"value": 30
	}, {
		"source": 68,
		"target": 67,
		"value": 1333
	}, {
		"source": 69,
		"target": 7,
		"value": 3834
	}, {
		"source": 69,
		"target": 34,
		"value": 44
	}, {
		"source": 69,
		"target": 40,
		"value": 150
	}, {
		"source": 69,
		"target": 42,
		"value": 146
	}, {
		"source": 69,
		"target": 43,
		"value": 496
	}, {
		"source": 69,
		"target": 45,
		"value": 146
	}, {
		"source": 69,
		"target": 59,
		"value": 26
	}, {
		"source": 69,
		"target": 61,
		"value": 26
	}, {
		"source": 69,
		"target": 63,
		"value": 330
	}, {
		"source": 69,
		"target": 65,
		"value": 509
	}, {
		"source": 69,
		"target": 66,
		"value": 498
	}, {
		"source": 69,
		"target": 67,
		"value": 1922
	}, {
		"source": 70,
		"target": 21,
		"value": 345
	}, {
		"source": 70,
		"target": 29,
		"value": 330
	}, {
		"source": 71,
		"target": 12,
		"value": 9
	}, {
		"source": 71,
		"target": 15,
		"value": 201
	}, {
		"source": 71,
		"target": 20,
		"value": 21
	}, {
		"source": 71,
		"target": 21,
		"value": 278
	}, {
		"source": 71,
		"target": 27,
		"value": 32
	}, {
		"source": 71,
		"target": 28,
		"value": 841
	}, {
		"source": 71,
		"target": 29,
		"value": 825
	}, {
		"source": 71,
		"target": 32,
		"value": 625
	}, {
		"source": 71,
		"target": 33,
		"value": 434
	}, {
		"source": 71,
		"target": 52,
		"value": 238
	}, {
		"source": 71,
		"target": 53,
		"value": 295
	}, {
		"source": 71,
		"target": 54,
		"value": 533
	}, {
		"source": 71,
		"target": 55,
		"value": 30
	}, {
		"source": 71,
		"target": 56,
		"value": 318
	}, {
		"source": 71,
		"target": 57,
		"value": 26
	}, {
		"source": 71,
		"target": 58,
		"value": 314
	}, {
		"source": 71,
		"target": 70,
		"value": 549
	}, {
		"source": 72,
		"target": 21,
		"value": 186
	}, {
		"source": 72,
		"target": 29,
		"value": 209
	}, {
		"source": 72,
		"target": 52,
		"value": 52
	}, {
		"source": 72,
		"target": 58,
		"value": 97
	}, {
		"source": 72,
		"target": 70,
		"value": 123
	}, {
		"source": 72,
		"target": 71,
		"value": 428
	}, {
		"source": 73,
		"target": 21,
		"value": 186
	}, {
		"source": 73,
		"target": 29,
		"value": 209
	}, {
		"source": 73,
		"target": 52,
		"value": 37
	}, {
		"source": 73,
		"target": 58,
		"value": 97
	}, {
		"source": 73,
		"target": 70,
		"value": 123
	}, {
		"source": 73,
		"target": 71,
		"value": 428
	}, {
		"source": 73,
		"target": 72,
		"value": 1037
	}, {
		"source": 74,
		"target": 12,
		"value": 281
	}, {
		"source": 74,
		"target": 20,
		"value": 293
	}, {
		"source": 74,
		"target": 27,
		"value": 416
	}, {
		"source": 74,
		"target": 28,
		"value": 2010
	}, {
		"source": 74,
		"target": 29,
		"value": 1281
	}, {
		"source": 74,
		"target": 32,
		"value": 2085
	}, {
		"source": 74,
		"target": 33,
		"value": 2045
	}, {
		"source": 74,
		"target": 55,
		"value": 1049
	}, {
		"source": 74,
		"target": 56,
		"value": 1720
	}, {
		"source": 74,
		"target": 57,
		"value": 1045
	}, {
		"source": 74,
		"target": 58,
		"value": 288
	}, {
		"source": 74,
		"target": 71,
		"value": 950
	}, {
		"source": 75,
		"target": 21,
		"value": 609
	}, {
		"source": 75,
		"target": 29,
		"value": 506
	}, {
		"source": 75,
		"target": 70,
		"value": 345
	}, {
		"source": 75,
		"target": 71,
		"value": 278
	}, {
		"source": 75,
		"target": 72,
		"value": 256
	}, {
		"source": 75,
		"target": 73,
		"value": 256
	}, {
		"source": 76,
		"target": 21,
		"value": 186
	}, {
		"source": 76,
		"target": 28,
		"value": 433
	}, {
		"source": 76,
		"target": 29,
		"value": 365
	}, {
		"source": 76,
		"target": 52,
		"value": 249
	}, {
		"source": 76,
		"target": 53,
		"value": 11
	}, {
		"source": 76,
		"target": 54,
		"value": 249
	}, {
		"source": 76,
		"target": 58,
		"value": 97
	}, {
		"source": 76,
		"target": 70,
		"value": 258
	}, {
		"source": 76,
		"target": 71,
		"value": 1115
	}, {
		"source": 76,
		"target": 72,
		"value": 916
	}, {
		"source": 76,
		"target": 73,
		"value": 916
	}, {
		"source": 76,
		"target": 75,
		"value": 186
	}, {
		"source": 77,
		"target": 3,
		"value": 496
	}, {
		"source": 77,
		"target": 11,
		"value": 467
	}, {
		"source": 77,
		"target": 29,
		"value": 191
	}, {
		"source": 78,
		"target": 3,
		"value": 602
	}, {
		"source": 78,
		"target": 11,
		"value": 622
	}, {
		"source": 78,
		"target": 29,
		"value": 259
	}, {
		"source": 78,
		"target": 77,
		"value": 867
	}, {
		"source": 79,
		"target": 0,
		"value": 53
	}, {
		"source": 79,
		"target": 3,
		"value": 1023
	}, {
		"source": 79,
		"target": 11,
		"value": 812
	}, {
		"source": 79,
		"target": 29,
		"value": 155
	}, {
		"source": 79,
		"target": 77,
		"value": 613
	}, {
		"source": 79,
		"target": 78,
		"value": 739
	}, {
		"source": 80,
		"target": 3,
		"value": 1331
	}, {
		"source": 80,
		"target": 11,
		"value": 1275
	}, {
		"source": 80,
		"target": 29,
		"value": 214
	}, {
		"source": 80,
		"target": 77,
		"value": 529
	}, {
		"source": 80,
		"target": 78,
		"value": 529
	}, {
		"source": 80,
		"target": 79,
		"value": 501
	}, {
		"source": 81,
		"target": 3,
		"value": 1382
	}, {
		"source": 81,
		"target": 11,
		"value": 1475
	}, {
		"source": 81,
		"target": 29,
		"value": 509
	}, {
		"source": 81,
		"target": 77,
		"value": 627
	}, {
		"source": 81,
		"target": 78,
		"value": 805
	}, {
		"source": 81,
		"target": 79,
		"value": 651
	}, {
		"source": 81,
		"target": 80,
		"value": 1402
	}, {
		"source": 83,
		"target": 2,
		"value": 92
	}, {
		"source": 83,
		"target": 3,
		"value": 7
	}, {
		"source": 83,
		"target": 4,
		"value": 7
	}, {
		"source": 83,
		"target": 7,
		"value": 412
	}, {
		"source": 83,
		"target": 11,
		"value": 10
	}, {
		"source": 83,
		"target": 15,
		"value": 160
	}, {
		"source": 83,
		"target": 16,
		"value": 160
	}, {
		"source": 83,
		"target": 17,
		"value": 153
	}, {
		"source": 83,
		"target": 18,
		"value": 225
	}, {
		"source": 83,
		"target": 29,
		"value": 10
	}, {
		"source": 83,
		"target": 35,
		"value": 41
	}, {
		"source": 83,
		"target": 67,
		"value": 296
	}, {
		"source": 83,
		"target": 68,
		"value": 92
	}, {
		"source": 83,
		"target": 82,
		"value": 106
	}, {
		"source": 84,
		"target": 2,
		"value": 98
	}, {
		"source": 84,
		"target": 4,
		"value": 34
	}, {
		"source": 84,
		"target": 5,
		"value": 87
	}, {
		"source": 84,
		"target": 7,
		"value": 370
	}, {
		"source": 84,
		"target": 14,
		"value": 42
	}, {
		"source": 84,
		"target": 15,
		"value": 110
	}, {
		"source": 84,
		"target": 16,
		"value": 110
	}, {
		"source": 84,
		"target": 17,
		"value": 110
	}, {
		"source": 84,
		"target": 18,
		"value": 127
	}, {
		"source": 84,
		"target": 35,
		"value": 76
	}, {
		"source": 84,
		"target": 36,
		"value": 58
	}, {
		"source": 84,
		"target": 37,
		"value": 71
	}, {
		"source": 84,
		"target": 44,
		"value": 58
	}, {
		"source": 84,
		"target": 45,
		"value": 231
	}, {
		"source": 84,
		"target": 59,
		"value": 63
	}, {
		"source": 84,
		"target": 60,
		"value": 30
	}, {
		"source": 84,
		"target": 61,
		"value": 63
	}, {
		"source": 84,
		"target": 67,
		"value": 232
	}, {
		"source": 84,
		"target": 83,
		"value": 304
	}, {
		"source": 85,
		"target": 2,
		"value": 34
	}, {
		"source": 85,
		"target": 4,
		"value": 34
	}, {
		"source": 85,
		"target": 84,
		"value": 34
	}, {
		"source": 86,
		"target": 82,
		"value": 106
	}, {
		"source": 86,
		"target": 83,
		"value": 106
	}, {
		"source": 87,
		"target": 45,
		"value": 199
	}, {
		"source": 88,
		"target": 0,
		"value": 249
	}, {
		"source": 88,
		"target": 4,
		"value": 932
	}, {
		"source": 88,
		"target": 12,
		"value": 857
	}, {
		"source": 88,
		"target": 15,
		"value": 4314
	}, {
		"source": 88,
		"target": 16,
		"value": 400
	}, {
		"source": 88,
		"target": 17,
		"value": 254
	}, {
		"source": 88,
		"target": 18,
		"value": 254
	}, {
		"source": 88,
		"target": 20,
		"value": 1361
	}, {
		"source": 88,
		"target": 21,
		"value": 488
	}, {
		"source": 88,
		"target": 22,
		"value": 993
	}, {
		"source": 88,
		"target": 23,
		"value": 1168
	}, {
		"source": 88,
		"target": 27,
		"value": 488
	}, {
		"source": 88,
		"target": 28,
		"value": 1122
	}, {
		"source": 88,
		"target": 29,
		"value": 272
	}, {
		"source": 88,
		"target": 31,
		"value": 385
	}, {
		"source": 88,
		"target": 55,
		"value": 239
	}, {
		"source": 89,
		"target": 0,
		"value": 854
	}, {
		"source": 89,
		"target": 4,
		"value": 245
	}, {
		"source": 89,
		"target": 7,
		"value": 1938
	}, {
		"source": 89,
		"target": 15,
		"value": 251
	}, {
		"source": 89,
		"target": 16,
		"value": 251
	}, {
		"source": 89,
		"target": 17,
		"value": 221
	}, {
		"source": 89,
		"target": 18,
		"value": 151
	}, {
		"source": 89,
		"target": 67,
		"value": 1994
	}, {
		"source": 89,
		"target": 83,
		"value": 204
	}, {
		"source": 89,
		"target": 84,
		"value": 185
	}, {
		"source": 90,
		"target": 0,
		"value": 459
	}, {
		"source": 90,
		"target": 2,
		"value": 23
	}, {
		"source": 90,
		"target": 3,
		"value": 1320
	}, {
		"source": 90,
		"target": 7,
		"value": 2301
	}, {
		"source": 90,
		"target": 11,
		"value": 80
	}, {
		"source": 90,
		"target": 12,
		"value": 2428
	}, {
		"source": 90,
		"target": 15,
		"value": 927
	}, {
		"source": 90,
		"target": 16,
		"value": 72
	}, {
		"source": 90,
		"target": 17,
		"value": 72
	}, {
		"source": 90,
		"target": 20,
		"value": 115
	}, {
		"source": 90,
		"target": 22,
		"value": 807
	}, {
		"source": 90,
		"target": 26,
		"value": 284
	}, {
		"source": 90,
		"target": 27,
		"value": 45
	}, {
		"source": 90,
		"target": 28,
		"value": 1018
	}, {
		"source": 90,
		"target": 29,
		"value": 4317
	}, {
		"source": 90,
		"target": 32,
		"value": 1393
	}, {
		"source": 90,
		"target": 33,
		"value": 7
	}, {
		"source": 90,
		"target": 35,
		"value": 458
	}, {
		"source": 90,
		"target": 52,
		"value": 679
	}, {
		"source": 90,
		"target": 53,
		"value": 1621
	}, {
		"source": 90,
		"target": 55,
		"value": 441
	}, {
		"source": 90,
		"target": 56,
		"value": 45
	}, {
		"source": 90,
		"target": 57,
		"value": 368
	}, {
		"source": 90,
		"target": 58,
		"value": 77
	}, {
		"source": 90,
		"target": 67,
		"value": 852
	}, {
		"source": 90,
		"target": 80,
		"value": 182
	}, {
		"source": 91,
		"target": 3,
		"value": 1054
	}, {
		"source": 91,
		"target": 7,
		"value": 197
	}, {
		"source": 91,
		"target": 12,
		"value": 503
	}, {
		"source": 91,
		"target": 15,
		"value": 153
	}, {
		"source": 91,
		"target": 16,
		"value": 225
	}, {
		"source": 91,
		"target": 20,
		"value": 503
	}, {
		"source": 91,
		"target": 21,
		"value": 504
	}, {
		"source": 91,
		"target": 27,
		"value": 222
	}, {
		"source": 91,
		"target": 28,
		"value": 238
	}, {
		"source": 91,
		"target": 29,
		"value": 2457
	}, {
		"source": 91,
		"target": 30,
		"value": 198
	}, {
		"source": 91,
		"target": 31,
		"value": 194
	}, {
		"source": 91,
		"target": 32,
		"value": 5235
	}, {
		"source": 91,
		"target": 33,
		"value": 482
	}, {
		"source": 91,
		"target": 46,
		"value": 184
	}, {
		"source": 91,
		"target": 53,
		"value": 197
	}, {
		"source": 91,
		"target": 55,
		"value": 185
	}, {
		"source": 91,
		"target": 57,
		"value": 185
	}, {
		"source": 91,
		"target": 58,
		"value": 185
	}, {
		"source": 91,
		"target": 70,
		"value": 106
	}, {
		"source": 91,
		"target": 71,
		"value": 122
	}, {
		"source": 91,
		"target": 72,
		"value": 519
	}, {
		"source": 91,
		"target": 73,
		"value": 519
	}, {
		"source": 91,
		"target": 74,
		"value": 59
	}, {
		"source": 91,
		"target": 75,
		"value": 282
	}, {
		"source": 91,
		"target": 76,
		"value": 519
	}, {
		"source": 91,
		"target": 77,
		"value": 160
	}, {
		"source": 91,
		"target": 78,
		"value": 160
	}, {
		"source": 91,
		"target": 80,
		"value": 62
	}, {
		"source": 91,
		"target": 81,
		"value": 160
	}, {
		"source": 91,
		"target": 90,
		"value": 328
	}, {
		"source": 92,
		"target": 15,
		"value": 4337
	}, {
		"source": 92,
		"target": 16,
		"value": 300
	}, {
		"source": 92,
		"target": 17,
		"value": 113
	}, {
		"source": 92,
		"target": 18,
		"value": 113
	}, {
		"source": 92,
		"target": 32,
		"value": 1197
	}, {
		"source": 92,
		"target": 88,
		"value": 1682
	}, {
		"source": 93,
		"target": 3,
		"value": 193
	}, {
		"source": 93,
		"target": 5,
		"value": 669
	}, {
		"source": 93,
		"target": 7,
		"value": 8665
	}, {
		"source": 93,
		"target": 10,
		"value": 123
	}, {
		"source": 93,
		"target": 12,
		"value": 2102
	}, {
		"source": 93,
		"target": 13,
		"value": 5
	}, {
		"source": 93,
		"target": 15,
		"value": 2151
	}, {
		"source": 93,
		"target": 16,
		"value": 120
	}, {
		"source": 93,
		"target": 17,
		"value": 120
	}, {
		"source": 93,
		"target": 18,
		"value": 48
	}, {
		"source": 93,
		"target": 22,
		"value": 193
	}, {
		"source": 93,
		"target": 24,
		"value": 482
	}, {
		"source": 93,
		"target": 25,
		"value": 644
	}, {
		"source": 93,
		"target": 26,
		"value": 3712
	}, {
		"source": 93,
		"target": 28,
		"value": 903
	}, {
		"source": 93,
		"target": 29,
		"value": 903
	}, {
		"source": 93,
		"target": 32,
		"value": 2813
	}, {
		"source": 93,
		"target": 34,
		"value": 463
	}, {
		"source": 93,
		"target": 35,
		"value": 1378
	}, {
		"source": 93,
		"target": 36,
		"value": 62
	}, {
		"source": 93,
		"target": 39,
		"value": 62
	}, {
		"source": 93,
		"target": 40,
		"value": 733
	}, {
		"source": 93,
		"target": 41,
		"value": 427
	}, {
		"source": 93,
		"target": 45,
		"value": 413
	}, {
		"source": 93,
		"target": 52,
		"value": 679
	}, {
		"source": 93,
		"target": 53,
		"value": 1510
	}, {
		"source": 93,
		"target": 55,
		"value": 193
	}, {
		"source": 93,
		"target": 59,
		"value": 50
	}, {
		"source": 93,
		"target": 61,
		"value": 138
	}, {
		"source": 93,
		"target": 63,
		"value": 366
	}, {
		"source": 93,
		"target": 67,
		"value": 2808
	}, {
		"source": 93,
		"target": 68,
		"value": 467
	}, {
		"source": 93,
		"target": 89,
		"value": 141
	}, {
		"source": 93,
		"target": 90,
		"value": 2216
	}, {
		"source": 93,
		"target": 91,
		"value": 197
	}, {
		"source": 94,
		"target": 0,
		"value": 3087
	}, {
		"source": 94,
		"target": 4,
		"value": 117
	}, {
		"source": 94,
		"target": 7,
		"value": 1171
	}, {
		"source": 94,
		"target": 15,
		"value": 62
	}, {
		"source": 94,
		"target": 26,
		"value": 118
	}, {
		"source": 94,
		"target": 32,
		"value": 125
	}, {
		"source": 94,
		"target": 33,
		"value": 100
	}, {
		"source": 94,
		"target": 46,
		"value": 700
	}, {
		"source": 94,
		"target": 67,
		"value": 947
	}, {
		"source": 94,
		"target": 84,
		"value": 24
	}, {
		"source": 94,
		"target": 89,
		"value": 1551
	}, {
		"source": 94,
		"target": 93,
		"value": 1122
	}, {
		"source": 95,
		"target": 0,
		"value": 330
	}, {
		"source": 95,
		"target": 4,
		"value": 1933
	}, {
		"source": 95,
		"target": 12,
		"value": 1972
	}, {
		"source": 95,
		"target": 20,
		"value": 2347
	}, {
		"source": 95,
		"target": 21,
		"value": 239
	}, {
		"source": 95,
		"target": 22,
		"value": 1164
	}, {
		"source": 95,
		"target": 23,
		"value": 749
	}, {
		"source": 95,
		"target": 27,
		"value": 1065
	}, {
		"source": 95,
		"target": 28,
		"value": 4468
	}, {
		"source": 95,
		"target": 29,
		"value": 590
	}, {
		"source": 95,
		"target": 30,
		"value": 540
	}, {
		"source": 95,
		"target": 31,
		"value": 15
	}, {
		"source": 95,
		"target": 32,
		"value": 2054
	}, {
		"source": 95,
		"target": 33,
		"value": 1758
	}, {
		"source": 95,
		"target": 46,
		"value": 330
	}, {
		"source": 95,
		"target": 55,
		"value": 1121
	}, {
		"source": 95,
		"target": 56,
		"value": 1749
	}, {
		"source": 95,
		"target": 57,
		"value": 1033
	}, {
		"source": 95,
		"target": 58,
		"value": 649
	}, {
		"source": 95,
		"target": 71,
		"value": 302
	}, {
		"source": 95,
		"target": 74,
		"value": 844
	}, {
		"source": 95,
		"target": 88,
		"value": 1000
	}, {
		"source": 95,
		"target": 89,
		"value": 245
	}, {
		"source": 95,
		"target": 91,
		"value": 313
	}, {
		"source": 96,
		"target": 2,
		"value": 104
	}, {
		"source": 96,
		"target": 3,
		"value": 697
	}, {
		"source": 96,
		"target": 6,
		"value": 104
	}, {
		"source": 96,
		"target": 11,
		"value": 801
	}, {
		"source": 96,
		"target": 29,
		"value": 123
	}, {
		"source": 96,
		"target": 53,
		"value": 801
	}, {
		"source": 97,
		"target": 0,
		"value": 611
	}, {
		"source": 97,
		"target": 4,
		"value": 239
	}, {
		"source": 97,
		"target": 7,
		"value": 903
	}, {
		"source": 97,
		"target": 12,
		"value": 488
	}, {
		"source": 97,
		"target": 15,
		"value": 780
	}, {
		"source": 97,
		"target": 16,
		"value": 72
	}, {
		"source": 97,
		"target": 17,
		"value": 72
	}, {
		"source": 97,
		"target": 20,
		"value": 488
	}, {
		"source": 97,
		"target": 21,
		"value": 488
	}, {
		"source": 97,
		"target": 22,
		"value": 488
	}, {
		"source": 97,
		"target": 23,
		"value": 488
	}, {
		"source": 97,
		"target": 27,
		"value": 684
	}, {
		"source": 97,
		"target": 28,
		"value": 4055
	}, {
		"source": 97,
		"target": 29,
		"value": 2403
	}, {
		"source": 97,
		"target": 30,
		"value": 418
	}, {
		"source": 97,
		"target": 31,
		"value": 121
	}, {
		"source": 97,
		"target": 32,
		"value": 1616
	}, {
		"source": 97,
		"target": 33,
		"value": 576
	}, {
		"source": 97,
		"target": 52,
		"value": 1072
	}, {
		"source": 97,
		"target": 53,
		"value": 903
	}, {
		"source": 97,
		"target": 54,
		"value": 156
	}, {
		"source": 97,
		"target": 55,
		"value": 239
	}, {
		"source": 97,
		"target": 56,
		"value": 574
	}, {
		"source": 97,
		"target": 58,
		"value": 246
	}, {
		"source": 97,
		"target": 71,
		"value": 728
	}, {
		"source": 97,
		"target": 74,
		"value": 295
	}, {
		"source": 97,
		"target": 76,
		"value": 433
	}, {
		"source": 97,
		"target": 88,
		"value": 488
	}, {
		"source": 97,
		"target": 90,
		"value": 903
	}, {
		"source": 97,
		"target": 93,
		"value": 903
	}, {
		"source": 97,
		"target": 94,
		"value": 224
	}, {
		"source": 97,
		"target": 95,
		"value": 912
	}, {
		"source": 98,
		"target": 15,
		"value": 391
	}, {
		"source": 98,
		"target": 16,
		"value": 146
	}, {
		"source": 98,
		"target": 88,
		"value": 391
	}, {
		"source": 99,
		"target": 7,
		"value": 79
	}, {
		"source": 99,
		"target": 15,
		"value": 3567
	}, {
		"source": 99,
		"target": 16,
		"value": 421
	}, {
		"source": 99,
		"target": 17,
		"value": 365
	}, {
		"source": 99,
		"target": 18,
		"value": 365
	}, {
		"source": 99,
		"target": 32,
		"value": 2626
	}, {
		"source": 99,
		"target": 53,
		"value": 373
	}, {
		"source": 99,
		"target": 54,
		"value": 294
	}, {
		"source": 99,
		"target": 58,
		"value": 201
	}, {
		"source": 99,
		"target": 71,
		"value": 201
	}, {
		"source": 99,
		"target": 88,
		"value": 2341
	}, {
		"source": 99,
		"target": 92,
		"value": 1487
	}, {
		"source": 99,
		"target": 93,
		"value": 79
	}, {
		"source": 100,
		"target": 20,
		"value": 32
	}, {
		"source": 100,
		"target": 32,
		"value": 215
	}, {
		"source": 100,
		"target": 91,
		"value": 181
	}, {
		"source": 101,
		"target": 21,
		"value": 188
	}, {
		"source": 101,
		"target": 27,
		"value": 771
	}, {
		"source": 101,
		"target": 28,
		"value": 1221
	}, {
		"source": 101,
		"target": 29,
		"value": 434
	}, {
		"source": 101,
		"target": 30,
		"value": 333
	}, {
		"source": 101,
		"target": 31,
		"value": 355
	}, {
		"source": 101,
		"target": 55,
		"value": 572
	}, {
		"source": 101,
		"target": 56,
		"value": 579
	}, {
		"source": 101,
		"target": 57,
		"value": 1531
	}, {
		"source": 101,
		"target": 58,
		"value": 689
	}, {
		"source": 102,
		"target": 15,
		"value": 2047
	}, {
		"source": 102,
		"target": 17,
		"value": 81
	}, {
		"source": 102,
		"target": 18,
		"value": 81
	}, {
		"source": 102,
		"target": 32,
		"value": 790
	}, {
		"source": 102,
		"target": 88,
		"value": 850
	}, {
		"source": 102,
		"target": 92,
		"value": 1531
	}, {
		"source": 102,
		"target": 99,
		"value": 566
	}, {
		"source": 103,
		"target": 0,
		"value": 337
	}, {
		"source": 103,
		"target": 2,
		"value": 4773
	}, {
		"source": 103,
		"target": 3,
		"value": 337
	}, {
		"source": 103,
		"target": 4,
		"value": 337
	}, {
		"source": 103,
		"target": 6,
		"value": 103
	}, {
		"source": 103,
		"target": 7,
		"value": 377
	}, {
		"source": 103,
		"target": 10,
		"value": 2017
	}, {
		"source": 103,
		"target": 11,
		"value": 103
	}, {
		"source": 103,
		"target": 12,
		"value": 337
	}, {
		"source": 103,
		"target": 13,
		"value": 248
	}, {
		"source": 103,
		"target": 14,
		"value": 1770
	}, {
		"source": 103,
		"target": 20,
		"value": 337
	}, {
		"source": 103,
		"target": 21,
		"value": 337
	}, {
		"source": 103,
		"target": 23,
		"value": 337
	}, {
		"source": 103,
		"target": 27,
		"value": 337
	}, {
		"source": 103,
		"target": 28,
		"value": 337
	}, {
		"source": 103,
		"target": 29,
		"value": 337
	}, {
		"source": 103,
		"target": 32,
		"value": 103
	}, {
		"source": 103,
		"target": 38,
		"value": 161
	}, {
		"source": 103,
		"target": 44,
		"value": 30
	}, {
		"source": 103,
		"target": 45,
		"value": 248
	}, {
		"source": 103,
		"target": 46,
		"value": 103
	}, {
		"source": 103,
		"target": 53,
		"value": 854
	}, {
		"source": 103,
		"target": 59,
		"value": 248
	}, {
		"source": 103,
		"target": 61,
		"value": 248
	}, {
		"source": 103,
		"target": 64,
		"value": 2050
	}, {
		"source": 103,
		"target": 84,
		"value": 42
	}, {
		"source": 104,
		"target": 0,
		"value": 1633
	}, {
		"source": 104,
		"target": 33,
		"value": 100
	}, {
		"source": 104,
		"target": 46,
		"value": 218
	}, {
		"source": 104,
		"target": 90,
		"value": 211
	}, {
		"source": 104,
		"target": 94,
		"value": 1505
	}, {
		"source": 104,
		"target": 97,
		"value": 224
	}, {
		"source": 105,
		"target": 4,
		"value": 144
	}, {
		"source": 105,
		"target": 5,
		"value": 34
	}, {
		"source": 105,
		"target": 7,
		"value": 1543
	}, {
		"source": 105,
		"target": 12,
		"value": 369
	}, {
		"source": 105,
		"target": 20,
		"value": 369
	}, {
		"source": 105,
		"target": 22,
		"value": 144
	}, {
		"source": 105,
		"target": 24,
		"value": 62
	}, {
		"source": 105,
		"target": 25,
		"value": 62
	}, {
		"source": 105,
		"target": 26,
		"value": 170
	}, {
		"source": 105,
		"target": 28,
		"value": 585
	}, {
		"source": 105,
		"target": 32,
		"value": 411
	}, {
		"source": 105,
		"target": 34,
		"value": 1437
	}, {
		"source": 105,
		"target": 35,
		"value": 1080
	}, {
		"source": 105,
		"target": 36,
		"value": 608
	}, {
		"source": 105,
		"target": 39,
		"value": 657
	}, {
		"source": 105,
		"target": 40,
		"value": 1108
	}, {
		"source": 105,
		"target": 41,
		"value": 675
	}, {
		"source": 105,
		"target": 42,
		"value": 459
	}, {
		"source": 105,
		"target": 45,
		"value": 915
	}, {
		"source": 105,
		"target": 59,
		"value": 76
	}, {
		"source": 105,
		"target": 61,
		"value": 111
	}, {
		"source": 105,
		"target": 63,
		"value": 11
	}, {
		"source": 105,
		"target": 69,
		"value": 50
	}, {
		"source": 105,
		"target": 88,
		"value": 369
	}, {
		"source": 105,
		"target": 91,
		"value": 180
	}, {
		"source": 105,
		"target": 93,
		"value": 62
	}, {
		"source": 105,
		"target": 95,
		"value": 729
	}, {
		"source": 106,
		"target": 0,
		"value": 2162
	}, {
		"source": 106,
		"target": 94,
		"value": 294
	}, {
		"source": 106,
		"target": 104,
		"value": 209
	}, {
		"source": 107,
		"target": 2,
		"value": 2701
	}, {
		"source": 107,
		"target": 7,
		"value": 40
	}, {
		"source": 107,
		"target": 10,
		"value": 884
	}, {
		"source": 107,
		"target": 14,
		"value": 958
	}, {
		"source": 107,
		"target": 38,
		"value": 315
	}, {
		"source": 107,
		"target": 44,
		"value": 158
	}, {
		"source": 107,
		"target": 45,
		"value": 248
	}, {
		"source": 107,
		"target": 59,
		"value": 248
	}, {
		"source": 107,
		"target": 61,
		"value": 248
	}, {
		"source": 107,
		"target": 64,
		"value": 972
	}, {
		"source": 107,
		"target": 103,
		"value": 2257
	}, {
		"source": 108,
		"target": 7,
		"value": 3743
	}, {
		"source": 108,
		"target": 15,
		"value": 11849
	}, {
		"source": 108,
		"target": 16,
		"value": 2122
	}, {
		"source": 108,
		"target": 17,
		"value": 1572
	}, {
		"source": 108,
		"target": 18,
		"value": 1415
	}, {
		"source": 108,
		"target": 19,
		"value": 1441
	}, {
		"source": 108,
		"target": 28,
		"value": 903
	}, {
		"source": 108,
		"target": 29,
		"value": 903
	}, {
		"source": 108,
		"target": 32,
		"value": 4609
	}, {
		"source": 108,
		"target": 45,
		"value": 550
	}, {
		"source": 108,
		"target": 47,
		"value": 2128
	}, {
		"source": 108,
		"target": 48,
		"value": 2401
	}, {
		"source": 108,
		"target": 49,
		"value": 2624
	}, {
		"source": 108,
		"target": 50,
		"value": 2494
	}, {
		"source": 108,
		"target": 52,
		"value": 679
	}, {
		"source": 108,
		"target": 53,
		"value": 1398
	}, {
		"source": 108,
		"target": 67,
		"value": 1940
	}, {
		"source": 108,
		"target": 83,
		"value": 204
	}, {
		"source": 108,
		"target": 84,
		"value": 185
	}, {
		"source": 108,
		"target": 88,
		"value": 3339
	}, {
		"source": 108,
		"target": 89,
		"value": 1868
	}, {
		"source": 108,
		"target": 90,
		"value": 1285
	}, {
		"source": 108,
		"target": 91,
		"value": 197
	}, {
		"source": 108,
		"target": 92,
		"value": 2827
	}, {
		"source": 108,
		"target": 93,
		"value": 1915
	}, {
		"source": 108,
		"target": 94,
		"value": 1028
	}, {
		"source": 108,
		"target": 97,
		"value": 903
	}, {
		"source": 108,
		"target": 98,
		"value": 391
	}, {
		"source": 108,
		"target": 99,
		"value": 1838
	}, {
		"source": 108,
		"target": 102,
		"value": 905
	}, {
		"source": 109,
		"target": 0,
		"value": 760
	}, {
		"source": 109,
		"target": 2,
		"value": 703
	}, {
		"source": 109,
		"target": 3,
		"value": 436
	}, {
		"source": 109,
		"target": 4,
		"value": 1831
	}, {
		"source": 109,
		"target": 5,
		"value": 183
	}, {
		"source": 109,
		"target": 6,
		"value": 183
	}, {
		"source": 109,
		"target": 7,
		"value": 703
	}, {
		"source": 109,
		"target": 8,
		"value": 183
	}, {
		"source": 109,
		"target": 9,
		"value": 183
	}, {
		"source": 109,
		"target": 10,
		"value": 337
	}, {
		"source": 109,
		"target": 11,
		"value": 366
	}, {
		"source": 109,
		"target": 12,
		"value": 641
	}, {
		"source": 109,
		"target": 13,
		"value": 183
	}, {
		"source": 109,
		"target": 14,
		"value": 520
	}, {
		"source": 109,
		"target": 20,
		"value": 586
	}, {
		"source": 109,
		"target": 21,
		"value": 337
	}, {
		"source": 109,
		"target": 23,
		"value": 586
	}, {
		"source": 109,
		"target": 27,
		"value": 337
	}, {
		"source": 109,
		"target": 28,
		"value": 686
	}, {
		"source": 109,
		"target": 29,
		"value": 647
	}, {
		"source": 109,
		"target": 46,
		"value": 104
	}, {
		"source": 109,
		"target": 53,
		"value": 703
	}, {
		"source": 109,
		"target": 103,
		"value": 337
	}, {
		"source": 110,
		"target": 15,
		"value": 653
	}, {
		"source": 110,
		"target": 16,
		"value": 146
	}, {
		"source": 110,
		"target": 88,
		"value": 408
	}, {
		"source": 110,
		"target": 98,
		"value": 391
	}, {
		"source": 110,
		"target": 108,
		"value": 653
	}, {
		"source": 111,
		"target": 0,
		"value": 838
	}, {
		"source": 112,
		"target": 2,
		"value": 558
	}, {
		"source": 112,
		"target": 11,
		"value": 10
	}, {
		"source": 112,
		"target": 14,
		"value": 248
	}, {
		"source": 112,
		"target": 29,
		"value": 10
	}, {
		"source": 112,
		"target": 83,
		"value": 164
	}, {
		"source": 112,
		"target": 84,
		"value": 42
	}, {
		"source": 112,
		"target": 103,
		"value": 352
	}, {
		"source": 112,
		"target": 107,
		"value": 65
	}, {
		"source": 113,
		"target": 2,
		"value": 101
	}, {
		"source": 113,
		"target": 7,
		"value": 484
	}, {
		"source": 113,
		"target": 29,
		"value": 1016
	}, {
		"source": 113,
		"target": 34,
		"value": 208
	}, {
		"source": 113,
		"target": 35,
		"value": 248
	}, {
		"source": 113,
		"target": 36,
		"value": 410
	}, {
		"source": 113,
		"target": 40,
		"value": 287
	}, {
		"source": 113,
		"target": 42,
		"value": 154
	}, {
		"source": 113,
		"target": 44,
		"value": 24
	}, {
		"source": 113,
		"target": 45,
		"value": 8
	}, {
		"source": 113,
		"target": 53,
		"value": 295
	}, {
		"source": 113,
		"target": 90,
		"value": 807
	}, {
		"source": 113,
		"target": 103,
		"value": 101
	}, {
		"source": 113,
		"target": 105,
		"value": 201
	}, {
		"source": 113,
		"target": 107,
		"value": 62
	}, {
		"source": 114,
		"target": 0,
		"value": 454
	}, {
		"source": 114,
		"target": 46,
		"value": 218
	}, {
		"source": 114,
		"target": 94,
		"value": 454
	}, {
		"source": 114,
		"target": 104,
		"value": 454
	}, {
		"source": 114,
		"target": 106,
		"value": 119
	}, {
		"source": 115,
		"target": 0,
		"value": 466
	}, {
		"source": 115,
		"target": 3,
		"value": 172
	}, {
		"source": 115,
		"target": 4,
		"value": 1847
	}, {
		"source": 115,
		"target": 7,
		"value": 1826
	}, {
		"source": 115,
		"target": 12,
		"value": 1712
	}, {
		"source": 115,
		"target": 15,
		"value": 2479
	}, {
		"source": 115,
		"target": 16,
		"value": 134
	}, {
		"source": 115,
		"target": 17,
		"value": 134
	}, {
		"source": 115,
		"target": 18,
		"value": 62
	}, {
		"source": 115,
		"target": 20,
		"value": 2174
	}, {
		"source": 115,
		"target": 22,
		"value": 843
	}, {
		"source": 115,
		"target": 23,
		"value": 215
	}, {
		"source": 115,
		"target": 27,
		"value": 458
	}, {
		"source": 115,
		"target": 28,
		"value": 4152
	}, {
		"source": 115,
		"target": 29,
		"value": 1386
	}, {
		"source": 115,
		"target": 32,
		"value": 7914
	}, {
		"source": 115,
		"target": 33,
		"value": 1632
	}, {
		"source": 115,
		"target": 46,
		"value": 376
	}, {
		"source": 115,
		"target": 52,
		"value": 679
	}, {
		"source": 115,
		"target": 53,
		"value": 1607
	}, {
		"source": 115,
		"target": 54,
		"value": 201
	}, {
		"source": 115,
		"target": 55,
		"value": 730
	}, {
		"source": 115,
		"target": 56,
		"value": 941
	}, {
		"source": 115,
		"target": 57,
		"value": 916
	}, {
		"source": 115,
		"target": 58,
		"value": 914
	}, {
		"source": 115,
		"target": 71,
		"value": 489
	}, {
		"source": 115,
		"target": 72,
		"value": 14
	}, {
		"source": 115,
		"target": 73,
		"value": 14
	}, {
		"source": 115,
		"target": 74,
		"value": 940
	}, {
		"source": 115,
		"target": 76,
		"value": 14
	}, {
		"source": 115,
		"target": 88,
		"value": 675
	}, {
		"source": 115,
		"target": 90,
		"value": 1348
	}, {
		"source": 115,
		"target": 91,
		"value": 513
	}, {
		"source": 115,
		"target": 93,
		"value": 1826
	}, {
		"source": 115,
		"target": 95,
		"value": 3461
	}, {
		"source": 115,
		"target": 97,
		"value": 1170
	}, {
		"source": 115,
		"target": 99,
		"value": 1488
	}, {
		"source": 115,
		"target": 105,
		"value": 729
	}, {
		"source": 115,
		"target": 108,
		"value": 1677
	}, {
		"source": 115,
		"target": 109,
		"value": 154
	}, {
		"source": 116,
		"target": 7,
		"value": 1408
	}, {
		"source": 116,
		"target": 12,
		"value": 1359
	}, {
		"source": 116,
		"target": 13,
		"value": 5
	}, {
		"source": 116,
		"target": 67,
		"value": 856
	}, {
		"source": 116,
		"target": 90,
		"value": 537
	}, {
		"source": 116,
		"target": 93,
		"value": 1408
	}, {
		"source": 117,
		"target": 3,
		"value": 835
	}, {
		"source": 117,
		"target": 12,
		"value": 592
	}, {
		"source": 117,
		"target": 32,
		"value": 721
	}, {
		"source": 117,
		"target": 91,
		"value": 602
	}, {
		"source": 118,
		"target": 0,
		"value": 337
	}, {
		"source": 118,
		"target": 2,
		"value": 1643
	}, {
		"source": 118,
		"target": 3,
		"value": 845
	}, {
		"source": 118,
		"target": 4,
		"value": 518
	}, {
		"source": 118,
		"target": 6,
		"value": 103
	}, {
		"source": 118,
		"target": 7,
		"value": 337
	}, {
		"source": 118,
		"target": 10,
		"value": 898
	}, {
		"source": 118,
		"target": 11,
		"value": 477
	}, {
		"source": 118,
		"target": 12,
		"value": 337
	}, {
		"source": 118,
		"target": 14,
		"value": 529
	}, {
		"source": 118,
		"target": 20,
		"value": 337
	}, {
		"source": 118,
		"target": 21,
		"value": 337
	}, {
		"source": 118,
		"target": 23,
		"value": 337
	}, {
		"source": 118,
		"target": 27,
		"value": 337
	}, {
		"source": 118,
		"target": 28,
		"value": 337
	}, {
		"source": 118,
		"target": 29,
		"value": 337
	}, {
		"source": 118,
		"target": 32,
		"value": 103
	}, {
		"source": 118,
		"target": 46,
		"value": 103
	}, {
		"source": 118,
		"target": 53,
		"value": 1847
	}, {
		"source": 118,
		"target": 64,
		"value": 803
	}, {
		"source": 118,
		"target": 103,
		"value": 1019
	}, {
		"source": 118,
		"target": 109,
		"value": 337
	}, {
		"source": 119,
		"target": 24,
		"value": 189
	}, {
		"source": 119,
		"target": 26,
		"value": 489
	}, {
		"source": 119,
		"target": 93,
		"value": 929
	}, {
		"source": 120,
		"target": 1,
		"value": 315
	}, {
		"source": 120,
		"target": 2,
		"value": 3904
	}, {
		"source": 120,
		"target": 7,
		"value": 40
	}, {
		"source": 120,
		"target": 10,
		"value": 884
	}, {
		"source": 120,
		"target": 12,
		"value": 34
	}, {
		"source": 120,
		"target": 14,
		"value": 1175
	}, {
		"source": 120,
		"target": 35,
		"value": 75
	}, {
		"source": 120,
		"target": 38,
		"value": 315
	}, {
		"source": 120,
		"target": 44,
		"value": 158
	}, {
		"source": 120,
		"target": 45,
		"value": 248
	}, {
		"source": 120,
		"target": 59,
		"value": 248
	}, {
		"source": 120,
		"target": 61,
		"value": 248
	}, {
		"source": 120,
		"target": 64,
		"value": 996
	}, {
		"source": 120,
		"target": 83,
		"value": 45
	}, {
		"source": 120,
		"target": 84,
		"value": 42
	}, {
		"source": 120,
		"target": 103,
		"value": 2887
	}, {
		"source": 120,
		"target": 107,
		"value": 2498
	}, {
		"source": 120,
		"target": 112,
		"value": 439
	}, {
		"source": 120,
		"target": 113,
		"value": 62
	}, {
		"source": 121,
		"target": 0,
		"value": 232
	}, {
		"source": 121,
		"target": 2,
		"value": 7
	}, {
		"source": 121,
		"target": 3,
		"value": 200
	}, {
		"source": 121,
		"target": 4,
		"value": 7
	}, {
		"source": 121,
		"target": 5,
		"value": 276
	}, {
		"source": 121,
		"target": 7,
		"value": 1983
	}, {
		"source": 121,
		"target": 12,
		"value": 207
	}, {
		"source": 121,
		"target": 15,
		"value": 202
	}, {
		"source": 121,
		"target": 16,
		"value": 7
	}, {
		"source": 121,
		"target": 22,
		"value": 193
	}, {
		"source": 121,
		"target": 24,
		"value": 973
	}, {
		"source": 121,
		"target": 25,
		"value": 422
	}, {
		"source": 121,
		"target": 26,
		"value": 2961
	}, {
		"source": 121,
		"target": 32,
		"value": 195
	}, {
		"source": 121,
		"target": 34,
		"value": 152
	}, {
		"source": 121,
		"target": 35,
		"value": 896
	}, {
		"source": 121,
		"target": 36,
		"value": 62
	}, {
		"source": 121,
		"target": 39,
		"value": 62
	}, {
		"source": 121,
		"target": 40,
		"value": 250
	}, {
		"source": 121,
		"target": 41,
		"value": 152
	}, {
		"source": 121,
		"target": 45,
		"value": 312
	}, {
		"source": 121,
		"target": 55,
		"value": 193
	}, {
		"source": 121,
		"target": 61,
		"value": 111
	}, {
		"source": 121,
		"target": 63,
		"value": 233
	}, {
		"source": 121,
		"target": 67,
		"value": 883
	}, {
		"source": 121,
		"target": 83,
		"value": 7
	}, {
		"source": 121,
		"target": 89,
		"value": 345
	}, {
		"source": 121,
		"target": 90,
		"value": 415
	}, {
		"source": 121,
		"target": 93,
		"value": 3326
	}, {
		"source": 121,
		"target": 94,
		"value": 732
	}, {
		"source": 121,
		"target": 99,
		"value": 195
	}, {
		"source": 121,
		"target": 105,
		"value": 62
	}, {
		"source": 121,
		"target": 115,
		"value": 306
	}, {
		"source": 121,
		"target": 119,
		"value": 446
	}, {
		"source": 122,
		"target": 15,
		"value": 1401
	}, {
		"source": 122,
		"target": 16,
		"value": 263
	}, {
		"source": 122,
		"target": 17,
		"value": 263
	}, {
		"source": 122,
		"target": 18,
		"value": 263
	}, {
		"source": 122,
		"target": 47,
		"value": 844
	}, {
		"source": 122,
		"target": 48,
		"value": 941
	}, {
		"source": 122,
		"target": 49,
		"value": 1078
	}, {
		"source": 122,
		"target": 50,
		"value": 1204
	}, {
		"source": 122,
		"target": 108,
		"value": 1317
	}, {
		"source": 123,
		"target": 7,
		"value": 2705
	}, {
		"source": 123,
		"target": 15,
		"value": 8467
	}, {
		"source": 123,
		"target": 16,
		"value": 779
	}, {
		"source": 123,
		"target": 17,
		"value": 424
	}, {
		"source": 123,
		"target": 18,
		"value": 352
	}, {
		"source": 123,
		"target": 28,
		"value": 903
	}, {
		"source": 123,
		"target": 29,
		"value": 903
	}, {
		"source": 123,
		"target": 32,
		"value": 6360
	}, {
		"source": 123,
		"target": 52,
		"value": 679
	}, {
		"source": 123,
		"target": 53,
		"value": 1687
	}, {
		"source": 123,
		"target": 54,
		"value": 201
	}, {
		"source": 123,
		"target": 58,
		"value": 201
	}, {
		"source": 123,
		"target": 71,
		"value": 201
	}, {
		"source": 123,
		"target": 88,
		"value": 3231
	}, {
		"source": 123,
		"target": 90,
		"value": 1285
	}, {
		"source": 123,
		"target": 91,
		"value": 197
	}, {
		"source": 123,
		"target": 92,
		"value": 2891
	}, {
		"source": 123,
		"target": 93,
		"value": 2685
	}, {
		"source": 123,
		"target": 97,
		"value": 903
	}, {
		"source": 123,
		"target": 98,
		"value": 391
	}, {
		"source": 123,
		"target": 99,
		"value": 5667
	}, {
		"source": 123,
		"target": 102,
		"value": 1456
	}, {
		"source": 123,
		"target": 108,
		"value": 5162
	}, {
		"source": 123,
		"target": 110,
		"value": 653
	}, {
		"source": 123,
		"target": 115,
		"value": 3154
	}, {
		"source": 123,
		"target": 121,
		"value": 195
	}, {
		"source": 124,
		"target": 12,
		"value": 46
	}, {
		"source": 124,
		"target": 27,
		"value": 122
	}, {
		"source": 124,
		"target": 28,
		"value": 122
	}, {
		"source": 124,
		"target": 31,
		"value": 22
	}, {
		"source": 124,
		"target": 32,
		"value": 48
	}, {
		"source": 124,
		"target": 33,
		"value": 26
	}, {
		"source": 124,
		"target": 55,
		"value": 319
	}, {
		"source": 124,
		"target": 57,
		"value": 225
	}, {
		"source": 124,
		"target": 58,
		"value": 122
	}, {
		"source": 124,
		"target": 71,
		"value": 465
	}, {
		"source": 124,
		"target": 74,
		"value": 465
	}, {
		"source": 124,
		"target": 91,
		"value": 48
	}, {
		"source": 124,
		"target": 101,
		"value": 122
	}, {
		"source": 125,
		"target": 0,
		"value": 1400
	}, {
		"source": 125,
		"target": 2,
		"value": 474
	}, {
		"source": 125,
		"target": 3,
		"value": 472
	}, {
		"source": 125,
		"target": 4,
		"value": 2349
	}, {
		"source": 125,
		"target": 7,
		"value": 967
	}, {
		"source": 125,
		"target": 12,
		"value": 6397
	}, {
		"source": 125,
		"target": 20,
		"value": 1795
	}, {
		"source": 125,
		"target": 21,
		"value": 488
	}, {
		"source": 125,
		"target": 22,
		"value": 1491
	}, {
		"source": 125,
		"target": 23,
		"value": 703
	}, {
		"source": 125,
		"target": 27,
		"value": 488
	}, {
		"source": 125,
		"target": 28,
		"value": 2522
	}, {
		"source": 125,
		"target": 29,
		"value": 193
	}, {
		"source": 125,
		"target": 31,
		"value": 72
	}, {
		"source": 125,
		"target": 32,
		"value": 827
	}, {
		"source": 125,
		"target": 33,
		"value": 485
	}, {
		"source": 125,
		"target": 46,
		"value": 330
	}, {
		"source": 125,
		"target": 53,
		"value": 62
	}, {
		"source": 125,
		"target": 55,
		"value": 697
	}, {
		"source": 125,
		"target": 57,
		"value": 535
	}, {
		"source": 125,
		"target": 58,
		"value": 111
	}, {
		"source": 125,
		"target": 67,
		"value": 627
	}, {
		"source": 125,
		"target": 68,
		"value": 43
	}, {
		"source": 125,
		"target": 88,
		"value": 1066
	}, {
		"source": 125,
		"target": 89,
		"value": 245
	}, {
		"source": 125,
		"target": 90,
		"value": 1362
	}, {
		"source": 125,
		"target": 91,
		"value": 74
	}, {
		"source": 125,
		"target": 93,
		"value": 816
	}, {
		"source": 125,
		"target": 95,
		"value": 2679
	}, {
		"source": 125,
		"target": 97,
		"value": 488
	}, {
		"source": 125,
		"target": 105,
		"value": 729
	}, {
		"source": 125,
		"target": 109,
		"value": 299
	}, {
		"source": 125,
		"target": 115,
		"value": 3065
	}, {
		"source": 125,
		"target": 116,
		"value": 816
	}, {
		"source": 125,
		"target": 117,
		"value": 410
	}, {
		"source": 125,
		"target": 120,
		"value": 22
	}, {
		"source": 125,
		"target": 124,
		"value": 16
	}, {
		"source": 126,
		"target": 0,
		"value": 459
	}, {
		"source": 126,
		"target": 2,
		"value": 23
	}, {
		"source": 126,
		"target": 7,
		"value": 792
	}, {
		"source": 126,
		"target": 12,
		"value": 1692
	}, {
		"source": 126,
		"target": 20,
		"value": 525
	}, {
		"source": 126,
		"target": 27,
		"value": 338
	}, {
		"source": 126,
		"target": 28,
		"value": 546
	}, {
		"source": 126,
		"target": 29,
		"value": 313
	}, {
		"source": 126,
		"target": 31,
		"value": 84
	}, {
		"source": 126,
		"target": 32,
		"value": 2449
	}, {
		"source": 126,
		"target": 33,
		"value": 338
	}, {
		"source": 126,
		"target": 35,
		"value": 274
	}, {
		"source": 126,
		"target": 53,
		"value": 533
	}, {
		"source": 126,
		"target": 55,
		"value": 272
	}, {
		"source": 126,
		"target": 56,
		"value": 338
	}, {
		"source": 126,
		"target": 57,
		"value": 272
	}, {
		"source": 126,
		"target": 58,
		"value": 314
	}, {
		"source": 126,
		"target": 67,
		"value": 668
	}, {
		"source": 126,
		"target": 71,
		"value": 15
	}, {
		"source": 126,
		"target": 74,
		"value": 287
	}, {
		"source": 126,
		"target": 80,
		"value": 182
	}, {
		"source": 126,
		"target": 90,
		"value": 3667
	}, {
		"source": 126,
		"target": 91,
		"value": 1043
	}, {
		"source": 126,
		"target": 93,
		"value": 497
	}, {
		"source": 126,
		"target": 95,
		"value": 389
	}, {
		"source": 126,
		"target": 100,
		"value": 28
	}, {
		"source": 126,
		"target": 104,
		"value": 211
	}, {
		"source": 126,
		"target": 105,
		"value": 15
	}, {
		"source": 126,
		"target": 108,
		"value": 197
	}, {
		"source": 126,
		"target": 115,
		"value": 879
	}, {
		"source": 126,
		"target": 116,
		"value": 300
	}, {
		"source": 126,
		"target": 121,
		"value": 21
	}, {
		"source": 126,
		"target": 123,
		"value": 197
	}, {
		"source": 126,
		"target": 125,
		"value": 577
	}, {
		"source": 127,
		"target": 15,
		"value": 190
	}, {
		"source": 127,
		"target": 88,
		"value": 185
	}, {
		"source": 127,
		"target": 92,
		"value": 314
	}, {
		"source": 127,
		"target": 99,
		"value": 185
	}, {
		"source": 127,
		"target": 108,
		"value": 185
	}, {
		"source": 127,
		"target": 123,
		"value": 190
	}, {
		"source": 128,
		"target": 15,
		"value": 707
	}, {
		"source": 128,
		"target": 16,
		"value": 136
	}, {
		"source": 128,
		"target": 17,
		"value": 136
	}, {
		"source": 128,
		"target": 18,
		"value": 136
	}, {
		"source": 128,
		"target": 108,
		"value": 436
	}, {
		"source": 129,
		"target": 3,
		"value": 105
	}, {
		"source": 129,
		"target": 7,
		"value": 903
	}, {
		"source": 129,
		"target": 11,
		"value": 105
	}, {
		"source": 129,
		"target": 15,
		"value": 780
	}, {
		"source": 129,
		"target": 16,
		"value": 72
	}, {
		"source": 129,
		"target": 17,
		"value": 72
	}, {
		"source": 129,
		"target": 27,
		"value": 206
	}, {
		"source": 129,
		"target": 28,
		"value": 3325
	}, {
		"source": 129,
		"target": 29,
		"value": 2337
	}, {
		"source": 129,
		"target": 30,
		"value": 392
	}, {
		"source": 129,
		"target": 31,
		"value": 121
	}, {
		"source": 129,
		"target": 32,
		"value": 903
	}, {
		"source": 129,
		"target": 52,
		"value": 1072
	}, {
		"source": 129,
		"target": 53,
		"value": 903
	}, {
		"source": 129,
		"target": 54,
		"value": 156
	}, {
		"source": 129,
		"target": 56,
		"value": 497
	}, {
		"source": 129,
		"target": 71,
		"value": 433
	}, {
		"source": 129,
		"target": 76,
		"value": 433
	}, {
		"source": 129,
		"target": 90,
		"value": 1092
	}, {
		"source": 129,
		"target": 93,
		"value": 903
	}, {
		"source": 129,
		"target": 95,
		"value": 741
	}, {
		"source": 129,
		"target": 97,
		"value": 2497
	}, {
		"source": 129,
		"target": 108,
		"value": 903
	}, {
		"source": 129,
		"target": 113,
		"value": 175
	}, {
		"source": 129,
		"target": 115,
		"value": 903
	}, {
		"source": 129,
		"target": 123,
		"value": 903
	}, {
		"source": 130,
		"target": 7,
		"value": 1073
	}, {
		"source": 130,
		"target": 10,
		"value": 326
	}, {
		"source": 130,
		"target": 12,
		"value": 1465
	}, {
		"source": 130,
		"target": 13,
		"value": 32
	}, {
		"source": 130,
		"target": 53,
		"value": 2911
	}, {
		"source": 130,
		"target": 54,
		"value": 82
	}, {
		"source": 130,
		"target": 64,
		"value": 278
	}, {
		"source": 130,
		"target": 67,
		"value": 863
	}, {
		"source": 130,
		"target": 68,
		"value": 477
	}, {
		"source": 130,
		"target": 93,
		"value": 686
	}, {
		"source": 130,
		"target": 113,
		"value": 341
	}, {
		"source": 130,
		"target": 116,
		"value": 277
	}, {
		"source": 130,
		"target": 125,
		"value": 157
	}, {
		"source": 131,
		"target": 15,
		"value": 350
	}, {
		"source": 131,
		"target": 16,
		"value": 266
	}, {
		"source": 131,
		"target": 17,
		"value": 222
	}, {
		"source": 131,
		"target": 18,
		"value": 222
	}, {
		"source": 131,
		"target": 32,
		"value": 389
	}, {
		"source": 131,
		"target": 88,
		"value": 222
	}, {
		"source": 131,
		"target": 99,
		"value": 611
	}, {
		"source": 131,
		"target": 108,
		"value": 222
	}, {
		"source": 131,
		"target": 115,
		"value": 170
	}, {
		"source": 131,
		"target": 123,
		"value": 611
	}, {
		"source": 132,
		"target": 3,
		"value": 605
	}, {
		"source": 132,
		"target": 6,
		"value": 66
	}, {
		"source": 132,
		"target": 11,
		"value": 659
	}, {
		"source": 132,
		"target": 29,
		"value": 74
	}, {
		"source": 132,
		"target": 53,
		"value": 136
	}, {
		"source": 132,
		"target": 80,
		"value": 189
	}, {
		"source": 132,
		"target": 81,
		"value": 189
	}, {
		"source": 132,
		"target": 90,
		"value": 74
	}, {
		"source": 132,
		"target": 96,
		"value": 136
	}, {
		"source": 132,
		"target": 129,
		"value": 105
	}, {
		"source": 133,
		"target": 3,
		"value": 835
	}, {
		"source": 133,
		"target": 12,
		"value": 379
	}, {
		"source": 133,
		"target": 32,
		"value": 721
	}, {
		"source": 133,
		"target": 91,
		"value": 602
	}, {
		"source": 133,
		"target": 117,
		"value": 989
	}, {
		"source": 133,
		"target": 125,
		"value": 489
	}, {
		"source": 134,
		"target": 0,
		"value": 722
	}, {
		"source": 134,
		"target": 1,
		"value": 194
	}, {
		"source": 134,
		"target": 2,
		"value": 1151
	}, {
		"source": 134,
		"target": 3,
		"value": 2953
	}, {
		"source": 134,
		"target": 4,
		"value": 1187
	}, {
		"source": 134,
		"target": 5,
		"value": 183
	}, {
		"source": 134,
		"target": 6,
		"value": 183
	}, {
		"source": 134,
		"target": 7,
		"value": 894
	}, {
		"source": 134,
		"target": 8,
		"value": 183
	}, {
		"source": 134,
		"target": 9,
		"value": 183
	}, {
		"source": 134,
		"target": 10,
		"value": 785
	}, {
		"source": 134,
		"target": 11,
		"value": 1680
	}, {
		"source": 134,
		"target": 12,
		"value": 722
	}, {
		"source": 134,
		"target": 13,
		"value": 183
	}, {
		"source": 134,
		"target": 14,
		"value": 520
	}, {
		"source": 134,
		"target": 20,
		"value": 531
	}, {
		"source": 134,
		"target": 21,
		"value": 337
	}, {
		"source": 134,
		"target": 23,
		"value": 554
	}, {
		"source": 134,
		"target": 27,
		"value": 337
	}, {
		"source": 134,
		"target": 28,
		"value": 554
	}, {
		"source": 134,
		"target": 29,
		"value": 654
	}, {
		"source": 134,
		"target": 32,
		"value": 1054
	}, {
		"source": 134,
		"target": 46,
		"value": 184
	}, {
		"source": 134,
		"target": 53,
		"value": 2202
	}, {
		"source": 134,
		"target": 64,
		"value": 257
	}, {
		"source": 134,
		"target": 91,
		"value": 1054
	}, {
		"source": 134,
		"target": 96,
		"value": 697
	}, {
		"source": 134,
		"target": 103,
		"value": 594
	}, {
		"source": 134,
		"target": 109,
		"value": 802
	}, {
		"source": 134,
		"target": 115,
		"value": 172
	}, {
		"source": 134,
		"target": 117,
		"value": 602
	}, {
		"source": 134,
		"target": 118,
		"value": 703
	}, {
		"source": 134,
		"target": 125,
		"value": 172
	}, {
		"source": 134,
		"target": 132,
		"value": 136
	}, {
		"source": 134,
		"target": 133,
		"value": 602
	}, {
		"source": 135,
		"target": 3,
		"value": 691
	}, {
		"source": 135,
		"target": 11,
		"value": 930
	}, {
		"source": 135,
		"target": 12,
		"value": 466
	}, {
		"source": 135,
		"target": 29,
		"value": 298
	}, {
		"source": 135,
		"target": 53,
		"value": 838
	}, {
		"source": 135,
		"target": 77,
		"value": 37
	}, {
		"source": 135,
		"target": 78,
		"value": 172
	}, {
		"source": 135,
		"target": 79,
		"value": 511
	}, {
		"source": 135,
		"target": 80,
		"value": 251
	}, {
		"source": 135,
		"target": 81,
		"value": 379
	}, {
		"source": 135,
		"target": 90,
		"value": 284
	}, {
		"source": 135,
		"target": 113,
		"value": 453
	}, {
		"source": 135,
		"target": 125,
		"value": 220
	}, {
		"source": 135,
		"target": 129,
		"value": 153
	}, {
		"source": 135,
		"target": 130,
		"value": 1681
	}, {
		"source": 135,
		"target": 132,
		"value": 190
	}, {
		"source": 136,
		"target": 12,
		"value": 104
	}, {
		"source": 136,
		"target": 20,
		"value": 215
	}, {
		"source": 136,
		"target": 28,
		"value": 57
	}, {
		"source": 136,
		"target": 29,
		"value": 130
	}, {
		"source": 136,
		"target": 32,
		"value": 229
	}, {
		"source": 136,
		"target": 53,
		"value": 197
	}, {
		"source": 136,
		"target": 95,
		"value": 185
	}, {
		"source": 136,
		"target": 105,
		"value": 125
	}, {
		"source": 136,
		"target": 115,
		"value": 256
	}, {
		"source": 136,
		"target": 125,
		"value": 659
	}, {
		"source": 136,
		"target": 126,
		"value": 99
	}, {
		"source": 137,
		"target": 93,
		"value": 484
	}, {
		"source": 137,
		"target": 119,
		"value": 192
	}, {
		"source": 138,
		"target": 0,
		"value": 4402
	}, {
		"source": 138,
		"target": 1,
		"value": 78
	}, {
		"source": 138,
		"target": 2,
		"value": 415
	}, {
		"source": 138,
		"target": 3,
		"value": 337
	}, {
		"source": 138,
		"target": 4,
		"value": 1430
	}, {
		"source": 138,
		"target": 6,
		"value": 21
	}, {
		"source": 138,
		"target": 7,
		"value": 3158
	}, {
		"source": 138,
		"target": 8,
		"value": 111
	}, {
		"source": 138,
		"target": 10,
		"value": 337
	}, {
		"source": 138,
		"target": 11,
		"value": 99
	}, {
		"source": 138,
		"target": 12,
		"value": 2925
	}, {
		"source": 138,
		"target": 14,
		"value": 415
	}, {
		"source": 138,
		"target": 15,
		"value": 890
	}, {
		"source": 138,
		"target": 16,
		"value": 251
	}, {
		"source": 138,
		"target": 17,
		"value": 221
	}, {
		"source": 138,
		"target": 18,
		"value": 151
	}, {
		"source": 138,
		"target": 20,
		"value": 3174
	}, {
		"source": 138,
		"target": 21,
		"value": 1104
	}, {
		"source": 138,
		"target": 22,
		"value": 488
	}, {
		"source": 138,
		"target": 23,
		"value": 903
	}, {
		"source": 138,
		"target": 27,
		"value": 1142
	}, {
		"source": 138,
		"target": 28,
		"value": 2429
	}, {
		"source": 138,
		"target": 29,
		"value": 922
	}, {
		"source": 138,
		"target": 31,
		"value": 307
	}, {
		"source": 138,
		"target": 32,
		"value": 1885
	}, {
		"source": 138,
		"target": 46,
		"value": 376
	}, {
		"source": 138,
		"target": 52,
		"value": 361
	}, {
		"source": 138,
		"target": 53,
		"value": 1416
	}, {
		"source": 138,
		"target": 55,
		"value": 239
	}, {
		"source": 138,
		"target": 67,
		"value": 2002
	}, {
		"source": 138,
		"target": 83,
		"value": 204
	}, {
		"source": 138,
		"target": 84,
		"value": 185
	}, {
		"source": 138,
		"target": 88,
		"value": 1066
	}, {
		"source": 138,
		"target": 89,
		"value": 3033
	}, {
		"source": 138,
		"target": 90,
		"value": 1324
	}, {
		"source": 138,
		"target": 91,
		"value": 725
	}, {
		"source": 138,
		"target": 93,
		"value": 1142
	}, {
		"source": 138,
		"target": 94,
		"value": 1458
	}, {
		"source": 138,
		"target": 95,
		"value": 938
	}, {
		"source": 138,
		"target": 97,
		"value": 1073
	}, {
		"source": 138,
		"target": 100,
		"value": 26
	}, {
		"source": 138,
		"target": 103,
		"value": 337
	}, {
		"source": 138,
		"target": 104,
		"value": 52
	}, {
		"source": 138,
		"target": 105,
		"value": 369
	}, {
		"source": 138,
		"target": 108,
		"value": 2886
	}, {
		"source": 138,
		"target": 109,
		"value": 337
	}, {
		"source": 138,
		"target": 115,
		"value": 1955
	}, {
		"source": 138,
		"target": 118,
		"value": 337
	}, {
		"source": 138,
		"target": 123,
		"value": 1001
	}, {
		"source": 138,
		"target": 125,
		"value": 1396
	}, {
		"source": 138,
		"target": 126,
		"value": 451
	}, {
		"source": 138,
		"target": 129,
		"value": 585
	}, {
		"source": 138,
		"target": 134,
		"value": 337
	}, {
		"source": 139,
		"target": 0,
		"value": 576
	}, {
		"source": 139,
		"target": 2,
		"value": 191
	}, {
		"source": 139,
		"target": 3,
		"value": 191
	}, {
		"source": 139,
		"target": 4,
		"value": 726
	}, {
		"source": 139,
		"target": 7,
		"value": 191
	}, {
		"source": 139,
		"target": 10,
		"value": 191
	}, {
		"source": 139,
		"target": 11,
		"value": 191
	}, {
		"source": 139,
		"target": 12,
		"value": 1293
	}, {
		"source": 139,
		"target": 20,
		"value": 821
	}, {
		"source": 139,
		"target": 21,
		"value": 488
	}, {
		"source": 139,
		"target": 22,
		"value": 488
	}, {
		"source": 139,
		"target": 23,
		"value": 488
	}, {
		"source": 139,
		"target": 27,
		"value": 488
	}, {
		"source": 139,
		"target": 28,
		"value": 249
	}, {
		"source": 139,
		"target": 53,
		"value": 191
	}, {
		"source": 139,
		"target": 55,
		"value": 239
	}, {
		"source": 139,
		"target": 88,
		"value": 488
	}, {
		"source": 139,
		"target": 95,
		"value": 239
	}, {
		"source": 139,
		"target": 97,
		"value": 488
	}, {
		"source": 139,
		"target": 109,
		"value": 55
	}, {
		"source": 139,
		"target": 125,
		"value": 488
	}, {
		"source": 139,
		"target": 134,
		"value": 191
	}, {
		"source": 139,
		"target": 138,
		"value": 648
	}, {
		"source": 140,
		"target": 27,
		"value": 109
	}, {
		"source": 140,
		"target": 28,
		"value": 928
	}, {
		"source": 140,
		"target": 29,
		"value": 246
	}, {
		"source": 140,
		"target": 31,
		"value": 72
	}, {
		"source": 140,
		"target": 56,
		"value": 246
	}, {
		"source": 140,
		"target": 57,
		"value": 524
	}, {
		"source": 140,
		"target": 58,
		"value": 359
	}, {
		"source": 140,
		"target": 97,
		"value": 52
	}, {
		"source": 140,
		"target": 101,
		"value": 464
	}, {
		"source": 140,
		"target": 129,
		"value": 25
	}, {
		"source": 141,
		"target": 12,
		"value": 1350
	}, {
		"source": 141,
		"target": 20,
		"value": 62
	}, {
		"source": 141,
		"target": 27,
		"value": 157
	}, {
		"source": 141,
		"target": 28,
		"value": 668
	}, {
		"source": 141,
		"target": 29,
		"value": 379
	}, {
		"source": 141,
		"target": 31,
		"value": 47
	}, {
		"source": 141,
		"target": 32,
		"value": 2996
	}, {
		"source": 141,
		"target": 33,
		"value": 400
	}, {
		"source": 141,
		"target": 55,
		"value": 399
	}, {
		"source": 141,
		"target": 56,
		"value": 400
	}, {
		"source": 141,
		"target": 57,
		"value": 379
	}, {
		"source": 141,
		"target": 74,
		"value": 379
	}, {
		"source": 141,
		"target": 91,
		"value": 674
	}, {
		"source": 141,
		"target": 95,
		"value": 21
	}, {
		"source": 141,
		"target": 115,
		"value": 364
	}, {
		"source": 141,
		"target": 125,
		"value": 104
	}, {
		"source": 141,
		"target": 126,
		"value": 98
	}, {
		"source": 141,
		"target": 136,
		"value": 104
	}, {
		"source": 141,
		"target": 138,
		"value": 38
	}, {
		"source": 142,
		"target": 15,
		"value": 462
	}, {
		"source": 142,
		"target": 108,
		"value": 327
	}, {
		"source": 142,
		"target": 128,
		"value": 462
	}, {
		"source": 143,
		"target": 7,
		"value": 593
	}, {
		"source": 143,
		"target": 10,
		"value": 76
	}, {
		"source": 143,
		"target": 12,
		"value": 232
	}, {
		"source": 143,
		"target": 13,
		"value": 32
	}, {
		"source": 143,
		"target": 64,
		"value": 76
	}, {
		"source": 143,
		"target": 67,
		"value": 593
	}, {
		"source": 143,
		"target": 68,
		"value": 179
	}, {
		"source": 143,
		"target": 93,
		"value": 456
	}, {
		"source": 143,
		"target": 116,
		"value": 277
	}, {
		"source": 143,
		"target": 130,
		"value": 714
	}, {
		"source": 144,
		"target": 0,
		"value": 493
	}, {
		"source": 144,
		"target": 4,
		"value": 212
	}, {
		"source": 145,
		"target": 3,
		"value": 1622
	}, {
		"source": 145,
		"target": 6,
		"value": 66
	}, {
		"source": 145,
		"target": 11,
		"value": 2928
	}, {
		"source": 145,
		"target": 77,
		"value": 344
	}, {
		"source": 145,
		"target": 78,
		"value": 499
	}, {
		"source": 145,
		"target": 79,
		"value": 812
	}, {
		"source": 145,
		"target": 80,
		"value": 906
	}, {
		"source": 145,
		"target": 81,
		"value": 1106
	}, {
		"source": 145,
		"target": 90,
		"value": 46
	}, {
		"source": 145,
		"target": 129,
		"value": 105
	}, {
		"source": 145,
		"target": 132,
		"value": 360
	}, {
		"source": 145,
		"target": 135,
		"value": 588
	}, {
		"source": 146,
		"target": 0,
		"value": 1214
	}, {
		"source": 146,
		"target": 106,
		"value": 308
	}, {
		"source": 147,
		"target": 0,
		"value": 1568
	}, {
		"source": 147,
		"target": 7,
		"value": 1188
	}, {
		"source": 147,
		"target": 67,
		"value": 1166
	}, {
		"source": 147,
		"target": 84,
		"value": 24
	}, {
		"source": 147,
		"target": 89,
		"value": 2819
	}, {
		"source": 147,
		"target": 93,
		"value": 141
	}, {
		"source": 147,
		"target": 94,
		"value": 2032
	}, {
		"source": 147,
		"target": 104,
		"value": 373
	}, {
		"source": 147,
		"target": 108,
		"value": 1213
	}, {
		"source": 147,
		"target": 121,
		"value": 422
	}, {
		"source": 147,
		"target": 138,
		"value": 2492
	}, {
		"source": 148,
		"target": 2,
		"value": 1320
	}, {
		"source": 148,
		"target": 4,
		"value": 34
	}, {
		"source": 148,
		"target": 7,
		"value": 17
	}, {
		"source": 148,
		"target": 11,
		"value": 17
	}, {
		"source": 148,
		"target": 14,
		"value": 203
	}, {
		"source": 148,
		"target": 83,
		"value": 63
	}, {
		"source": 148,
		"target": 84,
		"value": 76
	}, {
		"source": 148,
		"target": 85,
		"value": 34
	}, {
		"source": 148,
		"target": 103,
		"value": 353
	}, {
		"source": 148,
		"target": 107,
		"value": 13
	}, {
		"source": 148,
		"target": 112,
		"value": 336
	}, {
		"source": 148,
		"target": 120,
		"value": 353
	}, {
		"source": 149,
		"target": 15,
		"value": 1242
	}, {
		"source": 149,
		"target": 16,
		"value": 97
	}, {
		"source": 149,
		"target": 17,
		"value": 97
	}, {
		"source": 149,
		"target": 18,
		"value": 97
	}, {
		"source": 149,
		"target": 47,
		"value": 97
	}, {
		"source": 149,
		"target": 48,
		"value": 44
	}, {
		"source": 149,
		"target": 108,
		"value": 505
	}, {
		"source": 149,
		"target": 128,
		"value": 543
	}, {
		"source": 149,
		"target": 142,
		"value": 462
	}, {
		"source": 150,
		"target": 15,
		"value": 330
	}, {
		"source": 150,
		"target": 16,
		"value": 44
	}, {
		"source": 150,
		"target": 32,
		"value": 774
	}, {
		"source": 150,
		"target": 99,
		"value": 431
	}, {
		"source": 150,
		"target": 102,
		"value": 202
	}, {
		"source": 150,
		"target": 108,
		"value": 414
	}, {
		"source": 150,
		"target": 115,
		"value": 170
	}, {
		"source": 150,
		"target": 123,
		"value": 431
	}, {
		"source": 150,
		"target": 131,
		"value": 389
	}, {
		"source": 151,
		"target": 0,
		"value": 410
	}, {
		"source": 151,
		"target": 2,
		"value": 340
	}, {
		"source": 151,
		"target": 7,
		"value": 816
	}, {
		"source": 151,
		"target": 12,
		"value": 1633
	}, {
		"source": 151,
		"target": 67,
		"value": 579
	}, {
		"source": 151,
		"target": 90,
		"value": 537
	}, {
		"source": 151,
		"target": 93,
		"value": 816
	}, {
		"source": 151,
		"target": 116,
		"value": 816
	}, {
		"source": 151,
		"target": 125,
		"value": 1996
	}, {
		"source": 151,
		"target": 126,
		"value": 300
	}, {
		"source": 151,
		"target": 133,
		"value": 263
	}]
}